URI;rdf:type;localURI;identifier;arkId;skos:prefLabel@de;skos:prefLabel@en;skos:prefLabel@ar;skos:prefLabel@es;skos:prefLabel@fr;skos:prefLabel@el;skos:prefLabel@he;skos:prefLabel@it;skos:prefLabel@nl;skos:prefLabel@ru;skos:altLabel@de;skos:altLabel@en;skos:altLabel@ar;skos:altLabel@es;skos:altLabel@fr;skos:altLabel@el;skos:altLabel@he;skos:altLabel@it;skos:altLabel@nl;skos:altLabel@ru;skos:hiddenLabel@de;skos:hiddenLabel@en;skos:hiddenLabel@ar;skos:hiddenLabel@es;skos:hiddenLabel@fr;skos:hiddenLabel@el;skos:hiddenLabel@he;skos:hiddenLabel@it;skos:hiddenLabel@nl;skos:hiddenLabel@ru;skos:definition@de;skos:definition@en;skos:definition@ar;skos:definition@es;skos:definition@fr;skos:definition@el;skos:definition@he;skos:definition@it;skos:definition@nl;skos:definition@ru;skos:scopeNote@de;skos:scopeNote@en;skos:scopeNote@ar;skos:scopeNote@es;skos:scopeNote@fr;skos:scopeNote@el;skos:scopeNote@he;skos:scopeNote@it;skos:scopeNote@nl;skos:scopeNote@ru;skos:note@de;skos:note@en;skos:note@ar;skos:note@es;skos:note@fr;skos:note@el;skos:note@he;skos:note@it;skos:note@nl;skos:note@ru;skos:historyNote@de;skos:historyNote@en;skos:historyNote@ar;skos:historyNote@es;skos:historyNote@fr;skos:historyNote@el;skos:historyNote@he;skos:historyNote@it;skos:historyNote@nl;skos:historyNote@ru;skos:editorialNote@de;skos:editorialNote@en;skos:editorialNote@ar;skos:editorialNote@es;skos:editorialNote@fr;skos:editorialNote@el;skos:editorialNote@he;skos:editorialNote@it;skos:editorialNote@nl;skos:editorialNote@ru;skos:changeNote@de;skos:changeNote@en;skos:changeNote@ar;skos:changeNote@es;skos:changeNote@fr;skos:changeNote@el;skos:changeNote@he;skos:changeNote@it;skos:changeNote@nl;skos:changeNote@ru;skos:example@de;skos:example@en;skos:example@ar;skos:example@es;skos:example@fr;skos:example@el;skos:example@he;skos:example@it;skos:example@nl;skos:example@ru;skos:notation;skos:narrower;narrowerId;skos:broader;broaderId;skos:related;relatedId;skos:exactMatch;skos:closeMatch;geo:lat;geo:long;geo:gps;skos:member;memberId;iso-thes:subGroup;iso-thes:superOrdinate;owl:deprecated;dcterms:isReplacedBy;foaf:Image;dcterms:source;dcterms:created;dcterms:modified
https://ark.frantiq.fr/ark:/26678/pcrtrxnswx9qw6;skos:Collection;;;;;Facet : Geopolitical units;;;P2-UNITÉS GÉOPOLITIQUES;;;;;;;;;;;;;;;;;;;;;;;;;;;;;;;;;;;;;;;;;;;;;;;;;;;;;;;;;;;;;;;;;;;;;;;;;;;;;;;;;;;;;;;;;;;;;;;;012;;;;;;;;;;;;https://ark.frantiq.fr/ark:/26678/pcrtaRcMOBwKh6##https://ark.frantiq.fr/ark:/26678/pcrtUvvjpjtj9o##https://ark.frantiq.fr/ark:/26678/pcrtpHO0HJvq4L##https://ark.frantiq.fr/ark:/26678/pcrtPovaRstBwl##https://ark.frantiq.fr/ark:/26678/pcrtk6D8S79lNB##https://ark.frantiq.fr/ark:/26678/pcrtkDBYonQEuW##https://ark.frantiq.fr/ark:/26678/pcrtUk9cBWYKa9##https://ark.frantiq.fr/ark:/26678/pcrtvzl3HUp31m##https://ark.frantiq.fr/ark:/26678/pcrtMn0hDa1ISK##https://ark.frantiq.fr/ark:/26678/pcrtqVg5EE8ryz##https://ark.frantiq.fr/ark:/26678/pcrtth6SX6dqLT##https://ark.frantiq.fr/ark:/26678/pcrtzlGXXDRsSE##https://ark.frantiq.fr/ark:/26678/pcrtGRDLz9rL2B##https://ark.frantiq.fr/ark:/26678/pcrtoiSmw7kmXQ##https://ark.frantiq.fr/ark:/26678/pcrtWMS5ewTzUz##https://ark.frantiq.fr/ark:/26678/pcrt2oMB8vv3no##https://ark.frantiq.fr/ark:/26678/pcrtkecpbIZuY1##https://ark.frantiq.fr/ark:/26678/pcrtrL4SWSFZ0n##https://ark.frantiq.fr/ark:/26678/pcrtfLiLVtbp37##https://ark.frantiq.fr/ark:/26678/pcrthI4tPzvLVQ##https://ark.frantiq.fr/ark:/26678/pcrt1gL0hsgQTY##https://ark.frantiq.fr/ark:/26678/pcrt83M3AddL5O##https://ark.frantiq.fr/ark:/26678/pcrtSkt1eRlMG2##https://ark.frantiq.fr/ark:/26678/pcrtT4PswKkyZW##https://ark.frantiq.fr/ark:/26678/pcrtVHSiUuDQVO##https://ark.frantiq.fr/ark:/26678/pcrtysxPseQ69v##https://ark.frantiq.fr/ark:/26678/pcrt0pUgEWWGGP##https://ark.frantiq.fr/ark:/26678/pcrtzUrcJxD2ow##https://ark.frantiq.fr/ark:/26678/pcrtubR71b0HKL##https://ark.frantiq.fr/ark:/26678/pcrtI6kvbZ3mIr##https://ark.frantiq.fr/ark:/26678/pcrtY2vzuB7lBm##https://ark.frantiq.fr/ark:/26678/pcrtS1LzpAWeT2##https://ark.frantiq.fr/ark:/26678/pcrtzTPFYJSae5##https://ark.frantiq.fr/ark:/26678/pcrt43M8H7iWXV##https://ark.frantiq.fr/ark:/26678/pcrtqZmoA2lkNx##https://ark.frantiq.fr/ark:/26678/pcrt8L7jhVhIn5##https://ark.frantiq.fr/ark:/26678/pcrtIy0GVAU6zI##https://ark.frantiq.fr/ark:/26678/pcrtzuzR7iTq5A##https://ark.frantiq.fr/ark:/26678/pcrtqh0Gw1ujrr##https://ark.frantiq.fr/ark:/26678/pcrtTEsi8UMa3R##https://ark.frantiq.fr/ark:/26678/pcrtykoEqGY5VZ##https://ark.frantiq.fr/ark:/26678/pcrtIMLF0zrBUu##https://ark.frantiq.fr/ark:/26678/pcrtdfzPa8ViuL##https://ark.frantiq.fr/ark:/26678/pcrtegLJO1lMLf##https://ark.frantiq.fr/ark:/26678/pcrtQNRRYhNKP5##https://ark.frantiq.fr/ark:/26678/pcrtMxv4H96TuW##https://ark.frantiq.fr/ark:/26678/crtwzOa2orNiH##https://ark.frantiq.fr/ark:/26678/crtT6U9i2DKKe##https://ark.frantiq.fr/ark:/26678/crtnXTBqmGb2A##https://ark.frantiq.fr/ark:/26678/crtrnI4OBYMLK##https://ark.frantiq.fr/ark:/26678/crt4O4PAy5w3O##https://ark.frantiq.fr/ark:/26678/crtI9RyKgGH53##https://ark.frantiq.fr/ark:/26678/pcrtD7US79TXje##https://ark.frantiq.fr/ark:/26678/crt62kRiS7fUE##https://ark.frantiq.fr/ark:/26678/pcrtQe5VAFa1Is##https://ark.frantiq.fr/ark:/26678/pcrtGrTrckrNHZ##https://ark.frantiq.fr/ark:/26678/pcrt5g258z4mhg##https://ark.frantiq.fr/ark:/26678/pcrtTiTtJfS2XB##https://ark.frantiq.fr/ark:/26678/pcrtgpav0y2xnw##https://ark.frantiq.fr/ark:/26678/pcrtptd3js38vr25xdjdbdh9##https://ark.frantiq.fr/ark:/26678/pcrthzskghpjzxszcm1xxk6f##https://ark.frantiq.fr/ark:/26678/pcrtTzsUdF1uUT##https://ark.frantiq.fr/ark:/26678/pcrtAZMNub2Yp3##https://ark.frantiq.fr/ark:/26678/pcrttw1Rh499Mh##https://ark.frantiq.fr/ark:/26678/pcrt0qW4s9SGWg##https://ark.frantiq.fr/ark:/26678/pcrtiL6Vr7bLzg##https://ark.frantiq.fr/ark:/26678/pcrtB0uW42NTai;13028##13124##13804##13898##13899##13901##13902##13905##13937##13968##13969##13970##13971##13972##13973##14092##14389##14430##14444##14575##14582##14757##14838##14904##15453##155664##15787##15861##15900##16063##16114##16122##16436##16440##16441##16465##16472##16751##16757##17264##17265##17272##17279##17396##17515##17676##178193##178198##178303##178427##178525##178527##20890##246229##246311##246690##253382##27428##27639##354725##354793##35820##36474##37042##9471##9523##9524;;;false;;;;;
https://pactols.frantiq.fr/?idf=F221&idt=TH_1;skos-thes:ThesaurusArray;;F221;;;;;;divisions ecclésiastiques;;;;;;;;;;;;;;;;;;;;;;;;;;;;;;;;;;;;;;;;;;;;;;;;;;;;;;;;;;;;;;;;;;;;;;;;;;;;;;;;;;;;;;;;;;;;;;;;;;;;;;;;;;;;https://ark.frantiq.fr/ark:/26678/pcrtS1LzpAWeT2##https://ark.frantiq.fr/ark:/26678/crtI9RyKgGH53##https://ark.frantiq.fr/ark:/26678/pcrtTiTtJfS2XB;16122##178527##27428;;https://ark.frantiq.fr/ark:/26678/pcrtGrTrckrNHZ;false;;;;2022-02-11 16:11:47.045237+01;2022-02-11 16:11:47.045237+01
https://pactols.frantiq.fr/?idf=F599&idt=TH_1;skos-thes:ThesaurusArray;;F599;;;;;;unités territoriales administratives;;;;;;;;;;;;;;;;;;;;;;;;;;;;;;;;;;;;;;;;;;;;;;;;;;;;;;;;;;;;;;;;;;;;;;;;;;;;;;;;;;;;;;;;;;;;;;;;;;;;;;;;;;;;https://ark.frantiq.fr/ark:/26678/pcrtpHO0HJvq4L##https://ark.frantiq.fr/ark:/26678/pcrtvzl3HUp31m##https://ark.frantiq.fr/ark:/26678/pcrtqVg5EE8ryz##https://ark.frantiq.fr/ark:/26678/pcrt2oMB8vv3no##https://ark.frantiq.fr/ark:/26678/pcrtrL4SWSFZ0n##https://ark.frantiq.fr/ark:/26678/pcrthI4tPzvLVQ##https://ark.frantiq.fr/ark:/26678/pcrt83M3AddL5O##https://ark.frantiq.fr/ark:/26678/pcrtVHSiUuDQVO##https://ark.frantiq.fr/ark:/26678/pcrt0pUgEWWGGP##https://ark.frantiq.fr/ark:/26678/pcrtzUrcJxD2ow##https://ark.frantiq.fr/ark:/26678/pcrtubR71b0HKL##https://ark.frantiq.fr/ark:/26678/pcrtI6kvbZ3mIr##https://ark.frantiq.fr/ark:/26678/pcrtY2vzuB7lBm##https://ark.frantiq.fr/ark:/26678/pcrtIy0GVAU6zI##https://ark.frantiq.fr/ark:/26678/pcrtzuzR7iTq5A##https://ark.frantiq.fr/ark:/26678/pcrtTEsi8UMa3R##https://ark.frantiq.fr/ark:/26678/pcrtQNRRYhNKP5##https://ark.frantiq.fr/ark:/26678/crtwzOa2orNiH##https://ark.frantiq.fr/ark:/26678/crtT6U9i2DKKe##https://ark.frantiq.fr/ark:/26678/pcrtD7US79TXje##https://ark.frantiq.fr/ark:/26678/pcrtQe5VAFa1Is##https://ark.frantiq.fr/ark:/26678/pcrthzskghpjzxszcm1xxk6f##https://ark.frantiq.fr/ark:/26678/pcrttw1Rh499Mh;13804##13905##13968##14092##14430##14575##14757##15453##15787##15861##15900##16063##16114##16472##16751##17264##17515##178193##178198##20890##246311##354793##37042;;https://ark.frantiq.fr/ark:/26678/pcrtGrTrckrNHZ;false;;;;2022-09-13 14:25:40.709835+02;2022-09-13 14:25:40.709835+02
https://pactols.frantiq.fr/?idf=F601&idt=TH_1;skos-thes:ThesaurusArray;;F601;;;;;;unités territoriales politiques;;;;;;;;;;;;;;;;;;;;;;;;;;;;;;;;;;;;;;;;;;;;;;;;;;;;;;;;;;;;;;;;;;;;;;;;;;;;;;;;;;;;;;;;;;;;;;;;;;;;;;;;;;;;https://ark.frantiq.fr/ark:/26678/pcrtaRcMOBwKh6##https://ark.frantiq.fr/ark:/26678/pcrtpHO0HJvq4L##https://ark.frantiq.fr/ark:/26678/pcrtqVg5EE8ryz##https://ark.frantiq.fr/ark:/26678/pcrt1gL0hsgQTY##https://ark.frantiq.fr/ark:/26678/pcrtqh0Gw1ujrr##https://ark.frantiq.fr/ark:/26678/pcrtdfzPa8ViuL##https://ark.frantiq.fr/ark:/26678/crtnXTBqmGb2A##https://ark.frantiq.fr/ark:/26678/crtrnI4OBYMLK##https://ark.frantiq.fr/ark:/26678/crt62kRiS7fUE##https://ark.frantiq.fr/ark:/26678/pcrtgpav0y2xnw##https://ark.frantiq.fr/ark:/26678/pcrtTzsUdF1uUT;13028##13804##13968##14582##16757##17279##178303##178427##246229##27639##35820;;https://ark.frantiq.fr/ark:/26678/pcrtGrTrckrNHZ;false;;;;2022-09-13 14:25:53.57784+02;2022-09-13 14:25:53.57784+02
https://pactols.frantiq.fr/?idf=F221&idt=TH_1;skos-thes:ThesaurusArray;;F221;;;ecclesiastical divisions;;;;;;;;;;;;;;;;;;;;;;;;;;;;;;;;;;;;;;;;;;;;;;;;;;;;;;;;;;;;;;;;;;;;;;;;;;;;;;;;;;;;;;;;;;;;;;;;;;;;;;;;;;;;;;;https://ark.frantiq.fr/ark:/26678/pcrtS1LzpAWeT2##https://ark.frantiq.fr/ark:/26678/crtI9RyKgGH53##https://ark.frantiq.fr/ark:/26678/pcrtTiTtJfS2XB;16122##178527##27428;;https://ark.frantiq.fr/ark:/26678/pcrtGrTrckrNHZ;false;;;;2022-09-19 20:30:24.452599+02;2022-09-19 20:30:24.452599+02
https://pactols.frantiq.fr/?idf=F599&idt=TH_1;skos-thes:ThesaurusArray;;F599;;;administrative territorial units;;;;;;;;;;;;;;;;;;;;;;;;;;;;;;;;;;;;;;;;;;;;;;;;;;;;;;;;;;;;;;;;;;;;;;;;;;;;;;;;;;;;;;;;;;;;;;;;;;;;;;;;;;;;;;;https://ark.frantiq.fr/ark:/26678/pcrtpHO0HJvq4L##https://ark.frantiq.fr/ark:/26678/pcrtvzl3HUp31m##https://ark.frantiq.fr/ark:/26678/pcrtqVg5EE8ryz##https://ark.frantiq.fr/ark:/26678/pcrt2oMB8vv3no##https://ark.frantiq.fr/ark:/26678/pcrtrL4SWSFZ0n##https://ark.frantiq.fr/ark:/26678/pcrthI4tPzvLVQ##https://ark.frantiq.fr/ark:/26678/pcrt83M3AddL5O##https://ark.frantiq.fr/ark:/26678/pcrtVHSiUuDQVO##https://ark.frantiq.fr/ark:/26678/pcrt0pUgEWWGGP##https://ark.frantiq.fr/ark:/26678/pcrtzUrcJxD2ow##https://ark.frantiq.fr/ark:/26678/pcrtubR71b0HKL##https://ark.frantiq.fr/ark:/26678/pcrtI6kvbZ3mIr##https://ark.frantiq.fr/ark:/26678/pcrtY2vzuB7lBm##https://ark.frantiq.fr/ark:/26678/pcrtIy0GVAU6zI##https://ark.frantiq.fr/ark:/26678/pcrtzuzR7iTq5A##https://ark.frantiq.fr/ark:/26678/pcrtTEsi8UMa3R##https://ark.frantiq.fr/ark:/26678/pcrtQNRRYhNKP5##https://ark.frantiq.fr/ark:/26678/crtwzOa2orNiH##https://ark.frantiq.fr/ark:/26678/crtT6U9i2DKKe##https://ark.frantiq.fr/ark:/26678/pcrtD7US79TXje##https://ark.frantiq.fr/ark:/26678/pcrtQe5VAFa1Is##https://ark.frantiq.fr/ark:/26678/pcrthzskghpjzxszcm1xxk6f##https://ark.frantiq.fr/ark:/26678/pcrttw1Rh499Mh;13804##13905##13968##14092##14430##14575##14757##15453##15787##15861##15900##16063##16114##16472##16751##17264##17515##178193##178198##20890##246311##354793##37042;;https://ark.frantiq.fr/ark:/26678/pcrtGrTrckrNHZ;false;;;;2022-09-19 20:30:36.787724+02;2022-09-19 20:30:36.787724+02
https://pactols.frantiq.fr/?idf=F601&idt=TH_1;skos-thes:ThesaurusArray;;F601;;;political territorial units;;;;;;;;;;;;;;;;;;;;;;;;;;;;;;;;;;;;;;;;;;;;;;;;;;;;;;;;;;;;;;;;;;;;;;;;;;;;;;;;;;;;;;;;;;;;;;;;;;;;;;;;;;;;;;;https://ark.frantiq.fr/ark:/26678/pcrtaRcMOBwKh6##https://ark.frantiq.fr/ark:/26678/pcrtpHO0HJvq4L##https://ark.frantiq.fr/ark:/26678/pcrtqVg5EE8ryz##https://ark.frantiq.fr/ark:/26678/pcrt1gL0hsgQTY##https://ark.frantiq.fr/ark:/26678/pcrtqh0Gw1ujrr##https://ark.frantiq.fr/ark:/26678/pcrtdfzPa8ViuL##https://ark.frantiq.fr/ark:/26678/crtnXTBqmGb2A##https://ark.frantiq.fr/ark:/26678/crtrnI4OBYMLK##https://ark.frantiq.fr/ark:/26678/crt62kRiS7fUE##https://ark.frantiq.fr/ark:/26678/pcrtgpav0y2xnw##https://ark.frantiq.fr/ark:/26678/pcrtTzsUdF1uUT;13028##13804##13968##14582##16757##17279##178303##178427##246229##27639##35820;;https://ark.frantiq.fr/ark:/26678/pcrtGrTrckrNHZ;false;;;;2022-09-19 20:30:49.712881+02;2022-09-19 20:30:49.712881+02
https://ark.frantiq.fr/ark:/26678/pcrtaRcMOBwKh6;skos:Concept;https://pactols.frantiq.fr:8099/?idc=13028&idt=TH_1;13028;26678/pcrtaRcMOBwKh6;Staat;State (nation);دولة;Estado (nación);État;;;Stato (nazione);staat (natie);;Nationalstaat;Nation##Nation state##polity;;Estado nación;État-nation;;;Stato nazionale;;;;;;;;;;;;;;;;;Autorité politique souveraine, civile, militaire ou éventuellement religieuse, considérée comme une personne juridique et morale, à laquelle est soumise un groupement humain, vivant sur un territoire donné (CNRTL);;;;;;;;;;;;;;;;;;;;;;;;;;;;;;;;;;;;;;;;;;;;;;;;;;;;;;;;;;;;;;;;;;;;;https://ark.frantiq.fr/ark:/26678/pcrtGrTrckrNHZ;246690;https://ark.frantiq.fr/ark:/26678/crtxthrhRLaAm##https://ark.frantiq.fr/ark:/26678/pcrtOS1KTMvTxh;246232##27502;https://catalogue.bnf.fr/ark:/12148/cb11937050q##https://www.wikidata.org/wiki/Q7275;;;;;https://ark.frantiq.fr/ark:/26678/pcrtrxnswx9qw6##https://ark.frantiq.fr/ark:/26678/pcrtnbDLi2FkAj;13028##13028;;;false;https://ark.frantiq.fr/ark:/26678/pcrtaRcMOBwKh6;;;2007-02-08;2023-08-02
https://ark.frantiq.fr/ark:/26678/pcrtUvvjpjtj9o;skos:Concept;https://pactols.frantiq.fr:8099/?idc=13124&idt=TH_1;13124;26678/pcrtUvvjpjtj9o;Ager Publicus;ager publicus;أملاك عامة;ager publicus;ager publicus;;;ager publicus;ager publicus;;;;;;;;;;;;;;;;;;;;;;;;;;Expression latine désignant dans la Rome ancienne les territoires faisant partie du domaine public (Lar.);;;;;;;;;;;;;;;;;;;;;;;;;;;;;;;;;;;;;;;;;;;;;;;;;;;;;;;;;;;;;;;;;;;;;https://ark.frantiq.fr/ark:/26678/pcrtzTPFYJSae5;16436;https://ark.frantiq.fr/ark:/26678/pcrt1GKNPQaWn8##https://ark.frantiq.fr/ark:/26678/pcrtptd3js38vr25xdjdbdh9;150015##354725;https://www.wikidata.org/wiki/Q392990;;;;;https://ark.frantiq.fr/ark:/26678/pcrtrxnswx9qw6##https://ark.frantiq.fr/ark:/26678/pcrtnbDLi2FkAj;13124##13124;;;false;;;;2007-02-08;2023-08-02
https://ark.frantiq.fr/ark:/26678/pcrtpHO0HJvq4L;skos:Concept;https://pactols.frantiq.fr:8099/?idc=13804&idt=TH_1;13804;26678/pcrtpHO0HJvq4L;Zenturie;centuria (administration);وحدة إدارية مئوية;centuria;centurie;;;centuria;centurie;;;;;;;;;;;;;;;;;;;;;;;;;;Unité politique, administrative formée par cent citoyens (Lar.);;;;;;;;;;;;;;;;;;;;;;;;;;;;;;;;;;;;;;;;;;;;;;;;;;;;;;;;;;;;;;;;;;;;;https://ark.frantiq.fr/ark:/26678/pcrtGrTrckrNHZ;246690;https://ark.frantiq.fr/ark:/26678/pcrtJtBUSJRN9p##https://ark.frantiq.fr/ark:/26678/pcrtilbSQF6Sce##https://ark.frantiq.fr/ark:/26678/pcrtlp1OFwcxfE;13803##13805##15530;https://www.wikidata.org/wiki/Q191306;;;;;https://ark.frantiq.fr/ark:/26678/pcrtrxnswx9qw6##https://ark.frantiq.fr/ark:/26678/pcrtnbDLi2FkAj;13804##13804;;;false;;;;2007-02-08;2023-08-02
https://ark.frantiq.fr/ark:/26678/pcrtPovaRstBwl;skos:Concept;https://pactols.frantiq.fr:8099/?idc=13898&idt=TH_1;13898;26678/pcrtPovaRstBwl;Civitas foederata;foederatus;مدينة اتحادية;ciudad federada;cité fédérée;;;città federata;federale stad;;verbündete Gemeinde;federated city;;ciudad aliada;cité alliée;;;città alleata;;;;;;;;;;;;;;;;;Cité libre dont le statut est garanti par un traité avec Rome (MC et PL);;;;;;;;;;;;;;;;;;;;;;;;;;;;;;;;;;;;;;;;;;;;;;;;;;;;;;;;;;;;;;;;;;;;;https://ark.frantiq.fr/ark:/26678/pcrtvzl3HUp31m;13905;https://ark.frantiq.fr/ark:/26678/pcrtGnNLceXoDZ;14486;https://www.wikidata.org/wiki/Q2974815;;;;;https://ark.frantiq.fr/ark:/26678/pcrtrxnswx9qw6##https://ark.frantiq.fr/ark:/26678/pcrtnbDLi2FkAj;13898##13898;;;false;;;;2007-02-08;2023-08-02
https://ark.frantiq.fr/ark:/26678/pcrtk6D8S79lNB;skos:Concept;https://pactols.frantiq.fr:8099/?idc=13899&idt=TH_1;13899;26678/pcrtk6D8S79lNB;griechische Stadt;polis;مدينة إغريقية;ciudad griega;cité grecque;;;città greca;Griekse stad;;Polis;Greek city-state;;;cité-État##polis;;;;;;;;;;;;;;;;;;;;<p>A partir du IXe s. av. J.-C., s'organisent en Grèce de petits États indépendants, composés d'une ville, en principe fortifiée, vivant des produits d'un territoire alentours. La polis ou ville haute (akropolis) est le lieu où les citoyens prennent les décisions. Elle se différencie de la ville du bas qui concentre la plèbe. A partir du VIe s. av.J.-C., les cités pouvaient s'allier au besoin contre un ennemi commun sans aboutir à la création d'un État grec unifié. (d'ap. Leclant, Dictionnaire de l'Antiquité, 2005)</p>;;;;;;;;;;;;;;;;;;;;;;;;;;;;;;;;;;;;;;;;;;;;;;;;;;;;;;;;;;;;;;;;;;;;;https://ark.frantiq.fr/ark:/26678/pcrtvzl3HUp31m;13905;https://ark.frantiq.fr/ark:/26678/pcrtth6SX6dqLT##https://ark.frantiq.fr/ark:/26678/pcrtT6e5DRQpRg;13969##17173;https://www.idref.fr/07102784X##https://www.wikidata.org/wiki/Q148837##http://vocab.getty.edu/aat/300008397;;;;;https://ark.frantiq.fr/ark:/26678/pcrtrxnswx9qw6##https://ark.frantiq.fr/ark:/26678/pcrtnbDLi2FkAj;13899##13899;;;false;https://ark.frantiq.fr/ark:/26678/pcrtk6D8S79lNB;;;2007-02-08;2023-08-02
https://ark.frantiq.fr/ark:/26678/pcrtkDBYonQEuW;skos:Concept;https://pactols.frantiq.fr:8099/?idc=13901&idt=TH_1;13901;26678/pcrtkDBYonQEuW;Civitas libera;free city;مدينة حرة;ciudad libre;cité libre;;;città libera;vrije stad;;freie Gemeinde;civitas libera;;;;;;;;;;;;;;;;;;;;;;;Cité exonérée du tribut sous la République romaine (MC et PL);;;;;;;;;;;;;;;;;;;;;;;;;;;;;;2024-08-27 : ajout d'un alignement Wikidata.;;;;;;;;;;;;;;;;;;;;;;;;;;;;;;;;;;;;;;;https://ark.frantiq.fr/ark:/26678/pcrtvzl3HUp31m;13905;https://ark.frantiq.fr/ark:/26678/pcrtGnNLceXoDZ;14486;https://www.wikidata.org/wiki/Q2974815##https://www.wikidata.org/wiki/Q5500203;;;;;https://ark.frantiq.fr/ark:/26678/pcrtrxnswx9qw6##https://ark.frantiq.fr/ark:/26678/pcrtnbDLi2FkAj;13901##13901;;;false;;;;2007-02-08;2024-08-27
https://ark.frantiq.fr/ark:/26678/pcrtUk9cBWYKa9;skos:Concept;https://pactols.frantiq.fr:8099/?idc=13902&idt=TH_1;13902;26678/pcrtUk9cBWYKa9;Civitas stipendaria;stipendiary city;مدينة مستاجرة;ciudad estipendiaria;cité stipendiaire;;;città stipendiaria;schatplichtige stad;;abgabenpflichtige Gemeinde;;;ciudad tributaria;cité tributaire;;;civitas stipendiaria;;;;;;;;;;;;;;;;;Cité soumise à un tribut, dans la dépendance juridique du gouverneur de la Province (MC et PL);;;;;;;;;;;;;;;;;;;;;;;;;;;;;;;;;;;;;;;;;;;;;;;;;;;;;;;;;;;;;;;;;;;;;https://ark.frantiq.fr/ark:/26678/pcrtvzl3HUp31m;13905;https://ark.frantiq.fr/ark:/26678/pcrtGnNLceXoDZ;14486;;;;;;https://ark.frantiq.fr/ark:/26678/pcrtrxnswx9qw6##https://ark.frantiq.fr/ark:/26678/pcrtnbDLi2FkAj;13902##13902;;;false;;;;2007-02-08;2023-08-02
https://ark.frantiq.fr/ark:/26678/pcrtvzl3HUp31m;skos:Concept;https://pactols.frantiq.fr:8099/?idc=13905&idt=TH_1;13905;26678/pcrtvzl3HUp31m;Stadtstaat;city-town;ضاحية ـ مدينة;centro urbano;cité-ville;;;centro urbano;stadstaat;;;town-city;;;cité##ville-cité;;;;;;;;;;;;;;;;;;;;Agglomération formant un ensemble homogène, une unité historique, architecturale, etc. (Larousse);;;;;;;;;;;;;;;;;;;;;;;;;;;;;;;;;;;;;;;;;;;;;;;;;;;;;;;;;;;;;;;;;;;https://ark.frantiq.fr/ark:/26678/pcrtPovaRstBwl##https://ark.frantiq.fr/ark:/26678/pcrtk6D8S79lNB##https://ark.frantiq.fr/ark:/26678/pcrtkDBYonQEuW##https://ark.frantiq.fr/ark:/26678/pcrtUk9cBWYKa9##https://ark.frantiq.fr/ark:/26678/pcrt5g258z4mhg##https://ark.frantiq.fr/ark:/26678/pcrt7z5cz4q82p0pvs7mr069;13898##13899##13901##13902##253382##354743;https://ark.frantiq.fr/ark:/26678/pcrtGrTrckrNHZ;246690;https://ark.frantiq.fr/ark:/26678/pcrtN5zGcqx0YR;17539;https://www.wikidata.org/wiki/Q2774769;;;;;https://ark.frantiq.fr/ark:/26678/pcrtrxnswx9qw6##https://ark.frantiq.fr/ark:/26678/pcrtnbDLi2FkAj;13905##13905;;;false;;;;2007-02-08;2023-08-02
https://ark.frantiq.fr/ark:/26678/pcrtMn0hDa1ISK;skos:Concept;https://pactols.frantiq.fr:8099/?idc=13937&idt=TH_1;13937;26678/pcrtMn0hDa1ISK;Kleruchie;cleruchy;مستعمرة أثينية;cleruquía;clérouquie;;;cleruchia;cleruchie;;;;;;clérouchie;;;;;;;;;;;;;;;;;;;;colonie dans un lot de terre assigné par le sort;;;;;;;;;;;;;;;;;;;;;;;;;;;;;;;;;;;;;;;;;;;;;;;;;;;;;;;;;;;;;;;;;;;;;https://ark.frantiq.fr/ark:/26678/pcrtqVg5EE8ryz;13968;;;https://www.wikidata.org/wiki/Q1774212;;;;;https://ark.frantiq.fr/ark:/26678/pcrtrxnswx9qw6##https://ark.frantiq.fr/ark:/26678/pcrtnbDLi2FkAj;13937##13937;;;false;;;;2007-02-08;2023-08-02
https://ark.frantiq.fr/ark:/26678/pcrtqVg5EE8ryz;skos:Concept;https://pactols.frantiq.fr:8099/?idc=13968&idt=TH_1;13968;26678/pcrtqVg5EE8ryz;Kolonie;colony;مستعمرة;colonia;colonie;;;colonia;kolonie;;;;;;;;;;;;;;;;;;;;;;;;;;<span style= color: rgb(32, 33, 34), >Territoire extérieur sous le contrôle d'un état.</span>;;;;;;;;;;;;;;;;;;;;;;;;;;;;;;;;;;;;;;;;;;;;;;;;;;;;;;;;;;;;;;;;;;;https://ark.frantiq.fr/ark:/26678/pcrtMn0hDa1ISK##https://ark.frantiq.fr/ark:/26678/pcrtth6SX6dqLT##https://ark.frantiq.fr/ark:/26678/pcrtGRDLz9rL2B##https://ark.frantiq.fr/ark:/26678/pcrtoiSmw7kmXQ##https://ark.frantiq.fr/ark:/26678/pcrtWMS5ewTzUz;13937##13969##13971##13972##13973;https://ark.frantiq.fr/ark:/26678/pcrtGrTrckrNHZ;246690;https://ark.frantiq.fr/ark:/26678/pcrtxAZPiD2QHa##https://ark.frantiq.fr/ark:/26678/pcrt0r6rkwrgrcvbqnwj8rpz;13974##354782;https://catalogue.bnf.fr/ark:/12148/cb11952088m##https://www.wikidata.org/wiki/Q133156##http://vocab.getty.edu/aat/300235115;;;;;https://ark.frantiq.fr/ark:/26678/pcrtrxnswx9qw6##https://ark.frantiq.fr/ark:/26678/pcrtnbDLi2FkAj;13968##13968;;;false;;;;2007-02-08;2023-08-02
https://ark.frantiq.fr/ark:/26678/pcrtth6SX6dqLT;skos:Concept;https://pactols.frantiq.fr:8099/?idc=13969&idt=TH_1;13969;26678/pcrtth6SX6dqLT;griechische Kolonie;Greek colony;مستعمرة إغريقية;colonia griega;colonie grecque;;;colonia greca;Griekse kolonie;;;;;;;;;;;;;;;;;;;;;;;;;;Territoire occupé et administré par des grecs, en dehors de leurs frontières. (d'après Larousse);;;;;;;;;;;;;;;;;;;;;;;;;;;;;;;;;;;;;;;;;;;;;;;;;;;;;;;;;;;;;;;;;;;https://ark.frantiq.fr/ark:/26678/pcrtzlGXXDRsSE;13970;https://ark.frantiq.fr/ark:/26678/pcrtqVg5EE8ryz;13968;https://ark.frantiq.fr/ark:/26678/pcrtk6D8S79lNB;13899;https://www.wikidata.org/wiki/Q69391739;;;;;https://ark.frantiq.fr/ark:/26678/pcrtrxnswx9qw6##https://ark.frantiq.fr/ark:/26678/pcrtnbDLi2FkAj;13969##13969;;;false;;;;2007-02-08;2023-08-02
https://ark.frantiq.fr/ark:/26678/pcrtzlGXXDRsSE;skos:Concept;https://pactols.frantiq.fr:8099/?idc=13970&idt=TH_1;13970;26678/pcrtzlGXXDRsSE;phokäische Kolonie;Phocaean colony;مستعمرة فوشية;colonia focea;colonie phocéenne;;;colonia focese;Phocische kolonie;;;;;;;;;;;;;;;;;;;;;;;;;;;;;;;;;;;;;;;;;;;;;;;;;;;;;;;;;;;;;;;;;;;;;;;;;;;;;;;;;;;;;;;;;;;;;;;https://ark.frantiq.fr/ark:/26678/pcrtth6SX6dqLT;13969;;;;;;;;https://ark.frantiq.fr/ark:/26678/pcrtrxnswx9qw6##https://ark.frantiq.fr/ark:/26678/pcrtnbDLi2FkAj;13970##13970;;;false;;;;2007-02-08;2023-08-02
https://ark.frantiq.fr/ark:/26678/pcrtGRDLz9rL2B;skos:Concept;https://pactols.frantiq.fr:8099/?idc=13971&idt=TH_1;13971;26678/pcrtGRDLz9rL2B;phönizische Kolonie;Phoenician colony;مستعمرة فينيقية;colonia fenicia;colonie phénicienne;;;colonia fenicia;Fenicische kolonie;;;;;;;;;;;;;;;;;;;;;;;;;;;;;;;;;;;;;;;;;;;;;;;;;;;;;;;;;;;;;;;;;;;;;;;;;;;;;;;;;;;;;;;;;;;;;;;https://ark.frantiq.fr/ark:/26678/pcrtqVg5EE8ryz;13968;;;;;;;;https://ark.frantiq.fr/ark:/26678/pcrtrxnswx9qw6##https://ark.frantiq.fr/ark:/26678/pcrtnbDLi2FkAj;13971##13971;;;false;;;;2007-02-08;2023-08-02
https://ark.frantiq.fr/ark:/26678/pcrtoiSmw7kmXQ;skos:Concept;https://pactols.frantiq.fr:8099/?idc=13972&idt=TH_1;13972;26678/pcrtoiSmw7kmXQ;punische Kolonie;Punic colony;مستعمرة قرطاجية;colonia púnica;colonie punique;;;colonia punica;Punische kolonie;;;;;;;;;;;;;;;;;;;;;;;;;;;;;;;;;;;;;;;;;;;;;;;;;;;;;;;;;;;;;;;;;;;;;;;;;;;;;;;;;;;;;;;;;;;;;;;https://ark.frantiq.fr/ark:/26678/pcrtqVg5EE8ryz;13968;;;;;;;;https://ark.frantiq.fr/ark:/26678/pcrtrxnswx9qw6##https://ark.frantiq.fr/ark:/26678/pcrtnbDLi2FkAj;13972##13972;;;false;;;;2007-02-08;2023-08-02
https://ark.frantiq.fr/ark:/26678/pcrtWMS5ewTzUz;skos:Concept;https://pactols.frantiq.fr:8099/?idc=13973&idt=TH_1;13973;26678/pcrtWMS5ewTzUz;römische Kolonie;Roman colony;مستعمرة رومانية;colonia romana;colonie romaine;;;colonia romana;Romeinse kolonie;;;;;;;;;;;;;;;;;;;;;;;;;;;;;;;;;;;;;;;;;;;;;;;;;;;;;;;;;;;;;;;;;;;;;;;;;;;;;;;;;;;;;;;;;;;;;;;https://ark.frantiq.fr/ark:/26678/pcrtqVg5EE8ryz;13968;https://ark.frantiq.fr/ark:/26678/pcrt5g258z4mhg##https://ark.frantiq.fr/ark:/26678/pcrtptd3js38vr25xdjdbdh9;253382##354725;https://catalogue.bnf.fr/ark:/12148/cb12216223n##https://www.wikidata.org/wiki/Q756780;;;;;https://ark.frantiq.fr/ark:/26678/pcrtrxnswx9qw6##https://ark.frantiq.fr/ark:/26678/pcrtnbDLi2FkAj;13973##13973;;;false;;;;2007-02-08;2023-08-02
https://ark.frantiq.fr/ark:/26678/pcrt2oMB8vv3no;skos:Concept;https://pactols.frantiq.fr:8099/?idc=14092&idt=TH_1;14092;26678/pcrt2oMB8vv3no;Konvent;conventus;تنظيم إداري إقليمي عند الرومان;conventus;conventus;;;conventus;conventus;;;;;;;;;;;;;;;;;;;;;;;;;;Cas particulier dans l'organisation territoriale de l'Empire romain, qui est une subdivision de certaines provinces, comme la Dalmatie ou l'Hispanie ou l'Asie (wikipedia);;;;;;;;;;;;;;;;;;;;;;;;;;;;;;;;;;;;;;;;;;;;;;;;;;;;;;;;;;;;;;;;;;;;;https://ark.frantiq.fr/ark:/26678/pcrtGrTrckrNHZ;246690;;;https://www.wikidata.org/wiki/Q429699;;;;;https://ark.frantiq.fr/ark:/26678/pcrtrxnswx9qw6##https://ark.frantiq.fr/ark:/26678/pcrtnbDLi2FkAj;14092##14092;;;false;;;;2007-02-08;2023-08-02
https://ark.frantiq.fr/ark:/26678/pcrtkecpbIZuY1;skos:Concept;https://pactols.frantiq.fr:8099/?idc=14389&idt=TH_1;14389;26678/pcrtkecpbIZuY1;Diöszese;diocese;مطرانية;diócesis;diocèse;;;diocesi;diocese;;;;;;;;;;;;;;;;;;;;;;;;;;<span style= color: rgb(32, 33, 34), >Circonscription territoriale religieuse.</span>;;;;;;;;;;;;;;;;;;;;;;;;;;;;;;;;;;;;;;;;;;;;;;;;;;;;;;;;;;;;;;;;;;;;;https://ark.frantiq.fr/ark:/26678/crtI9RyKgGH53;178527;https://ark.frantiq.fr/ark:/26678/pcrt29Voi1AOMa;17171;https://catalogue.bnf.fr/ark:/12148/cb11967209f##https://www.wikidata.org/wiki/Q665487##http://vocab.getty.edu/aat/300000799;;;;;https://ark.frantiq.fr/ark:/26678/pcrtrxnswx9qw6##https://ark.frantiq.fr/ark:/26678/pcrtnbDLi2FkAj;14389##14389;;;false;;;;2007-02-08;2023-08-02
https://ark.frantiq.fr/ark:/26678/pcrtrL4SWSFZ0n;skos:Concept;https://pactols.frantiq.fr:8099/?idc=14430&idt=TH_1;14430;26678/pcrtrL4SWSFZ0n;Verwaltungsdivision;administrative division;تقسيم إداري;división administrativa;division administrative;;;divisione amministrativa;administratieve divisie;;;administrative region##administrative unit;;demarcación administrativa;;;;;;;;;;;;;;;;;;;;;Zone géographique délimitée résultant de l'organisation territoriale.;;;;;;;;;;;;;;;;;;;;;;;;;;;;;;;;;;;;;;;;;;;;;;;;;;;;;;;;;;;;;;;;;;;;;https://ark.frantiq.fr/ark:/26678/pcrtGrTrckrNHZ;246690;https://ark.frantiq.fr/ark:/26678/pcrtfcf82N0J8s##https://ark.frantiq.fr/ark:/26678/pcrtUu5zfknZ1x;14431##15954;https://www.wikidata.org/wiki/Q56061;;;;;https://ark.frantiq.fr/ark:/26678/pcrtrxnswx9qw6##https://ark.frantiq.fr/ark:/26678/pcrtnbDLi2FkAj;14430##14430;;;false;;;;2007-02-08;2023-08-02
https://ark.frantiq.fr/ark:/26678/pcrtfLiLVtbp37;skos:Concept;https://pactols.frantiq.fr:8099/?idc=14444&idt=TH_1;14444;26678/pcrtfLiLVtbp37;Kaiserbesitz;Imperial estate;مُلكية أرض امبراطورية;dominio imperial;domaine impérial;;;proprietà imperiale;keizerlijk landgoed;;;;;;;;;;;;;;;;;;;;;;;;;;Propriété foncière appartenant à l'empereur et acquise par héritage, deshérence ou confiscation (Lar.);;;;;;;;;;;;;;;;;;;;;;;;;;;;;;;;;;;;;;;;;;;;;;;;;;;;;;;;;;;;;;;;;;;;;https://ark.frantiq.fr/ark:/26678/pcrtTEsi8UMa3R;17264;;;https://www.wikidata.org/wiki/Q11581043;;;;;https://ark.frantiq.fr/ark:/26678/pcrtrxnswx9qw6##https://ark.frantiq.fr/ark:/26678/pcrtnbDLi2FkAj;14444##14444;;;false;;;;2007-02-08;2023-08-02
https://ark.frantiq.fr/ark:/26678/pcrthI4tPzvLVQ;skos:Concept;https://pactols.frantiq.fr:8099/?idc=14575&idt=TH_1;14575;26678/pcrthI4tPzvLVQ;Deme;deme;ديم;demo;dème;;;demo;deme;;;;;demo ateniense##demo ático##demos;;;;;;;;;;;;;;;;;;;وحدة التقسيم الإداري في الحضارات اليونانية ـ المعجم المزدوج;;Division administrative de la Grèce (Lar.);;;;;;;;;;;;;;;;;;;;;;;;;;;;;;;;;;;;;;;;;;;;;;;;;;;;;;;;;;;;;;;;;;;;;https://ark.frantiq.fr/ark:/26678/pcrtGrTrckrNHZ;246690;;;https://www.wikidata.org/wiki/Q1349648;;;;;https://ark.frantiq.fr/ark:/26678/pcrtrxnswx9qw6##https://ark.frantiq.fr/ark:/26678/pcrtnbDLi2FkAj;14575##14575;;;false;;;;2007-02-08;2023-08-02
https://ark.frantiq.fr/ark:/26678/pcrt1gL0hsgQTY;skos:Concept;https://pactols.frantiq.fr:8099/?idc=14582&idt=TH_1;14582;26678/pcrt1gL0hsgQTY;Reich;empire;إمبراطورية;imperio;empire;;;impero;keizerrijk;;;;;;;;;;;;;;;;;;;;;;;;;;Gouvernement par un empereur (Lar.);;;;;;;;;;;;;;;;;;;;;;;;;;;;;;;;;;;;;;;;;;;;;;;;;;;;;;;;;;;;;;;;;;;;;https://ark.frantiq.fr/ark:/26678/pcrtGrTrckrNHZ;246690;https://ark.frantiq.fr/ark:/26678/pcrtViDNLj86BV;15198;https://www.wikidata.org/wiki/Q48349;;;;;https://ark.frantiq.fr/ark:/26678/pcrtrxnswx9qw6##https://ark.frantiq.fr/ark:/26678/pcrtnbDLi2FkAj;14582##14582;;;false;;;;2007-02-08;2023-08-02
https://ark.frantiq.fr/ark:/26678/pcrt83M3AddL5O;skos:Concept;https://pactols.frantiq.fr:8099/?idc=14757&idt=TH_1;14757;26678/pcrt83M3AddL5O;Gebietsgrenze;parish boundaries;حدود أرض;territorio comunal;finage;;;circoscrizione comunale;rechtsgebied;;;;;territorio municipal##zona agraria;;;;mandamento##territorio comunale;;;;;;;;;;;;;;;;;Circonscription sur laquelle un seigneur ou une ville avait droit de juridiction (Lar.);;;;;;;;;;;;;;;;;;;;;;;;;;;;;;;;;;;;;;;;;;;;;;;;;;;;;;;;;;;;;;;;;;;;;https://ark.frantiq.fr/ark:/26678/pcrtGrTrckrNHZ;246690;https://ark.frantiq.fr/ark:/26678/pcrtSkt1eRlMG2;14838;https://www.wikidata.org/wiki/Q3072334;;;;;https://ark.frantiq.fr/ark:/26678/pcrtrxnswx9qw6##https://ark.frantiq.fr/ark:/26678/pcrtnbDLi2FkAj;14757##14757;;;false;;;;2007-02-08;2023-08-02
https://ark.frantiq.fr/ark:/26678/pcrtSkt1eRlMG2;skos:Concept;https://pactols.frantiq.fr:8099/?idc=14838&idt=TH_1;14838;26678/pcrtSkt1eRlMG2;Grenze;border;حدود;frontera;frontière;;;frontiera;grens;;;boundary##frontier;;confín##límite;frontière extérieure;;;confine##limes;;;;;;;;;;;;;;;;;Limite qui sépare deux états (Lar.);;;;;;;;;;;;;;;;;;;;;;;;;;;;;;;;;;;;;;;;;;;;;;;;;;;;;;;;;;;;;;;;;;;https://ark.frantiq.fr/ark:/26678/pcrtysxPseQ69v##https://ark.frantiq.fr/ark:/26678/pcrtAZMNub2Yp3;155664##36474;https://ark.frantiq.fr/ark:/26678/pcrtVHSiUuDQVO;15453;https://ark.frantiq.fr/ark:/26678/pcrttrNOPRpGmS##https://ark.frantiq.fr/ark:/26678/pcrtqeK4ywympg##https://ark.frantiq.fr/ark:/26678/pcrt83M3AddL5O;13604##14391##14757;https://catalogue.bnf.fr/ark:/12148/cb11954113g##https://www.wikidata.org/wiki/Q133346##http://vocab.getty.edu/aat/300387343;;;;;https://ark.frantiq.fr/ark:/26678/pcrtrxnswx9qw6##https://ark.frantiq.fr/ark:/26678/pcrtnbDLi2FkAj##https://ark.frantiq.fr/ark:/26678/pcrtv0jq332vcq3gxt5m13d5;14838##14838##14838;;;false;;;;2007-02-08;2024-09-06
https://ark.frantiq.fr/ark:/26678/pcrtT4PswKkyZW;skos:Concept;https://pactols.frantiq.fr:8099/?idc=14904&idt=TH_1;14904;26678/pcrtT4PswKkyZW;Landgut;latifundium;عِزبَة;latifundio;latifundium;;;latifondo;latifundium;;Latifundium;vast landed estate;;;grand domaine;;;latifundium;;;;;;;;;;;;;;;;;Grand domaine rural formé à la suite d'usurpations de terres de l'ager publicus, cultivé par des esclaves et sur lequel les riches Romains pratiquèrent une agriculture de type nouveau fondée sur l'élevage, l'oléiculture et la viticulture (cnrtl).;;;;;;;;;;Concept réservé à l'Antiquité romaine.;;;;;;;;;;;;;;;;;;;;;;;;;;;;;;;;;;;;;;;;;;;;;;;;;;;;;;;;;;;https://ark.frantiq.fr/ark:/26678/pcrtTEsi8UMa3R;17264;;;https://www.wikidata.org/wiki/Q428382##http://vocab.getty.edu/aat/300000235;;;;;https://ark.frantiq.fr/ark:/26678/pcrtrxnswx9qw6##https://ark.frantiq.fr/ark:/26678/pcrtnbDLi2FkAj;14904##14904;;;false;;;;2007-02-08;2023-08-02
https://ark.frantiq.fr/ark:/26678/pcrtVHSiUuDQVO;skos:Concept;https://pactols.frantiq.fr:8099/?idc=15453&idt=TH_1;15453;26678/pcrtVHSiUuDQVO;Flächenbegrenzung;land boundary;حد الأراضي;límite territorial;limite des terres;;;delimitazione del territorio;landgrenzen;;;confines##territorial boundary##territorial limit;;límite geográfico;confins##marge territoriale;;;confini##margini territoriali;;;;;;;;;;;;;;;;;Parties d'un territoire formant la limite extrême où commence un territoire immédiatement voisin. (CNRTL);;;;;;;;;;;;;;;;;;;;;;;;;;;;;;;;;;;;;;;;;;;;;;;;;;;;;;;;;;;;;;;;;;;https://ark.frantiq.fr/ark:/26678/pcrtSkt1eRlMG2##https://ark.frantiq.fr/ark:/26678/pcrtegLJO1lMLf##https://ark.frantiq.fr/ark:/26678/pcrtptd3js38vr25xdjdbdh9;14838##17396##354725;https://ark.frantiq.fr/ark:/26678/pcrtGrTrckrNHZ;246690;https://ark.frantiq.fr/ark:/26678/pcrtYko2Uw1uib;13605;https://www.wikidata.org/wiki/Q3241107;;;;;https://ark.frantiq.fr/ark:/26678/pcrtrxnswx9qw6##https://ark.frantiq.fr/ark:/26678/pcrtnbDLi2FkAj;15453##15453;;;false;;;;2007-02-08;2023-08-02
https://ark.frantiq.fr/ark:/26678/pcrtysxPseQ69v;skos:Concept;https://pactols.frantiq.fr:8099/?idc=155664&idt=TH_1;155664;26678/pcrtysxPseQ69v;Limes;limes;;limes;limes;;;limes;limes;;;;;;;;;;;;;;;;;;;;;;;;;;<span style= color: rgb(32, 33, 34), >Système de fortifications aux frontières de l'empire Romain.</span>;;;;;;;;;;;;;;;;;;;;;;;;;;;;;;;;;;;;;;;;;;;;;;;;;;;;;;;;;;;;;;;;;;;;;https://ark.frantiq.fr/ark:/26678/pcrtSkt1eRlMG2;14838;;;https://catalogue.bnf.fr/ark:/12148/cb119714208##https://www.wikidata.org/wiki/Q146924;;;;;https://ark.frantiq.fr/ark:/26678/pcrtrxnswx9qw6##https://ark.frantiq.fr/ark:/26678/pcrtnbDLi2FkAj;155664##155664;;;false;;;;2017-08-02;2023-08-02
https://ark.frantiq.fr/ark:/26678/pcrt0pUgEWWGGP;skos:Concept;https://pactols.frantiq.fr:8099/?idc=15787&idt=TH_1;15787;26678/pcrt0pUgEWWGGP;Municipium;municipium;مدينة ملحقة بمستعمرة رومانية;municipio;municipe;;;municipio (storia romana);municipium;;;;;;;;;;;;;;;;;;;;;;;;;;Ville du Latium ou de l'Italie qui possédait le droit de cité romaine tout en continuant à vivre selon ses propres lois (CNRTL);;;;;;;;;;;;;;;;;;;;;;;;;;;;;;;;;;;;;;;;;;;;;;;;;;;;;;;;;;;;;;;;;;;;;https://ark.frantiq.fr/ark:/26678/pcrtGrTrckrNHZ;246690;https://ark.frantiq.fr/ark:/26678/pcrtWq1W3WhF84##https://ark.frantiq.fr/ark:/26678/pcrtGvqxpzWWfn;14485##15494;https://catalogue.bnf.fr/ark:/12148/cb12365897t##https://www.wikidata.org/wiki/Q213468##http://vocab.getty.edu/aat/300008394;;;;;https://ark.frantiq.fr/ark:/26678/pcrtrxnswx9qw6##https://ark.frantiq.fr/ark:/26678/pcrtnbDLi2FkAj;15787##15787;;;false;;;;2007-02-08;2023-08-02
https://ark.frantiq.fr/ark:/26678/pcrtzUrcJxD2ow;skos:Concept;https://pactols.frantiq.fr:8099/?idc=15861&idt=TH_1;15861;26678/pcrtzUrcJxD2ow;Metropole;metropolis;مدينة كبيرة;metrópoli;métropole;;;metropoli;metropool;;;;حاضرة##مدينة هامة;;;;;;;;;;;;;;;;;;;Derived from Low Latin metropolis  capital of a province , itself from Ancient Greek μητρόπολις / mētrópolis,  mother city , principal city of a geographical region or country, without necessarily being its capital.;;;Dérivé du bas latin metropolis « capitale d'une province », lui-même du grec ancien μητρόπολις / mētrópolis, « ville-mère », ville principale d'une région géographique ou d'un pays, sans en être obligatoirement la capitale.;;;;;;;;;;;;;;;;;;;;;;;;;;;;;;2024-08-22 : correction de la traduction arabe et ajout d'une variante (OpenTrad 2022). Correction et traduction de la définition.;;;;;;;;;;;;;;;;;;;;;;;;;;;;;;;;;;;;;;;https://ark.frantiq.fr/ark:/26678/pcrtGrTrckrNHZ;246690;;;https://www.wikidata.org/wiki/Q200250;;;;;https://ark.frantiq.fr/ark:/26678/pcrtrxnswx9qw6##https://ark.frantiq.fr/ark:/26678/pcrtnbDLi2FkAj;15861##15861;;;false;;;;2007-02-08;2024-11-05
https://ark.frantiq.fr/ark:/26678/pcrtubR71b0HKL;skos:Concept;https://pactols.frantiq.fr:8099/?idc=15900&idt=TH_1;15900;26678/pcrtubR71b0HKL;Nomos;nome;نوم;nomo;nome;;;nomo;nomos;;Bezirk;;;;;;;;;;;;;;;;;;;;;;مقاطعة إدارية في مصر القديمة ـ المعجم المزدوج;;<span style= color: rgb(32, 33, 34), >Division administrative de l'Égypte ancienne.</span>;;;;;;;;;;;;;;;;;;;;;;;;;;;;;;;;;;;;;;;;;;;;;;;;;;;;;;;;;;;;;;;;;;;;;https://ark.frantiq.fr/ark:/26678/pcrtGrTrckrNHZ;246690;;;https://www.wikidata.org/wiki/Q223706;;;;;https://ark.frantiq.fr/ark:/26678/pcrtrxnswx9qw6##https://ark.frantiq.fr/ark:/26678/pcrtnbDLi2FkAj;15900##15900;;;false;https://ark.frantiq.fr/ark:/26678/pcrtubR71b0HKL;;;2007-02-08;2023-08-02
https://ark.frantiq.fr/ark:/26678/pcrtI6kvbZ3mIr;skos:Concept;https://pactols.frantiq.fr:8099/?idc=16063&idt=TH_1;16063;26678/pcrtI6kvbZ3mIr;Pagus;pagus;مقاطعة ريفية رومانية;pagus;pagus;;;pagus;pagus;;;;;;;;;;;;;;;;;;;;;;;;;;Entité administrative territoriale de l'Empire romain.;;;;;;;;;;;;;;;;;;;;;;;;;;;;;;;;;;;;;;;;;;;;;;;;;;;;;;;;;;;;;;;;;;;;;https://ark.frantiq.fr/ark:/26678/pcrtGrTrckrNHZ;246690;;;https://www.wikidata.org/wiki/Q1436282;;;;;https://ark.frantiq.fr/ark:/26678/pcrtrxnswx9qw6##https://ark.frantiq.fr/ark:/26678/pcrtnbDLi2FkAj;16063##16063;;;false;;;;2007-02-08;2023-08-02
https://ark.frantiq.fr/ark:/26678/pcrtY2vzuB7lBm;skos:Concept;https://pactols.frantiq.fr:8099/?idc=16114&idt=TH_1;16114;26678/pcrtY2vzuB7lBm;Paranomos;paranome;بارانوم;paranomo;paranome;;;paranome;paranome;;;;;;;;;;;;;;;;;;;;;;;;;;;;;;;;;;;;;;;;;;;;;;;;;;;;;;;;;;;;;;;;;;;;;;;;;;;;;;;;;;;;;;;;;;;;;;;https://ark.frantiq.fr/ark:/26678/pcrtGrTrckrNHZ;246690;;;;;;;;https://ark.frantiq.fr/ark:/26678/pcrtrxnswx9qw6##https://ark.frantiq.fr/ark:/26678/pcrtnbDLi2FkAj;16114##16114;;;false;;;;2007-02-08;2023-08-02
https://ark.frantiq.fr/ark:/26678/pcrtS1LzpAWeT2;skos:Concept;https://pactols.frantiq.fr:8099/?idc=16122&idt=TH_1;16122;26678/pcrtS1LzpAWeT2;Kirchengemeinde;parish;خورنية;parroquia;paroisse;;;parrocchia;parochie;;;;;;;;;;;;;;;;;;;;;;;;دائرة رعوية يخدمها كاهن ـ المعجم المزدوج;;<span style= color: rgb(32, 33, 34), >Subdivision ecclésiasitique d'un diocèse.</span>;;;;;;;;;;;;;;;;;;;;;;;;;;;;;;;;;;;;;;;;;;;;;;;;;;;;;;;;;;;;;;;;;;;;;https://ark.frantiq.fr/ark:/26678/pcrtGrTrckrNHZ;246690;https://ark.frantiq.fr/ark:/26678/pcrtkxDeyQJnUv;155796;https://catalogue.bnf.fr/ark:/12148/cb11941179g##https://www.wikidata.org/wiki/Q102496;;;;;https://ark.frantiq.fr/ark:/26678/pcrtrxnswx9qw6##https://ark.frantiq.fr/ark:/26678/pcrtnbDLi2FkAj;16122##16122;;;false;;;;2007-02-08;2023-08-02
https://ark.frantiq.fr/ark:/26678/pcrtzTPFYJSae5;skos:Concept;https://pactols.frantiq.fr:8099/?idc=16436&idt=TH_1;16436;26678/pcrtzTPFYJSae5;Staatsbesitz;State property;أملاك دولة;propiedad del Estado;propriété d'Etat;;;proprietà di Stato;staatsgronden;;;;;;;;;agro;;;;;;;;;;;;;;;;;<span style= color: rgb(32, 33, 34), >Entité dont un état est propriétaire.</span>;;;;;;;;;;;;;;;;;;;;;;;;;;;;;;;;;;;;;;;;;;;;;;;;;;;;;;;;;;;;;;;;;;;https://ark.frantiq.fr/ark:/26678/pcrtUvvjpjtj9o;13124;https://ark.frantiq.fr/ark:/26678/pcrtTEsi8UMa3R;17264;;;https://www.wikidata.org/wiki/Q2396633;;;;;https://ark.frantiq.fr/ark:/26678/pcrtrxnswx9qw6##https://ark.frantiq.fr/ark:/26678/pcrtnbDLi2FkAj;16436##16436;;;false;;;;2007-02-08;2023-08-02
https://ark.frantiq.fr/ark:/26678/pcrt43M8H7iWXV;skos:Concept;https://pactols.frantiq.fr:8099/?idc=16440&idt=TH_1;16440;26678/pcrt43M8H7iWXV;Kirchenbesitz;Church property;وَقْف;propiedad religiosa;propriété religieuse;;;proprietà religiosa;Kerkbezit;;;;;;propriété des temples##terre des temples##terre sacrée;;;proprietà dei templi##terreno sacro;;;;;;;;;;;;;;;;;Entité propriété d'une division ecclésiastique.;;;;;;;;;;;;;;;;;;;;;;;;;;;;;;;;;;;;;;;;;;;;;;;;;;;;;;;;;;;;;;;;;;;;;https://ark.frantiq.fr/ark:/26678/pcrtTEsi8UMa3R;17264;;;;;;;;https://ark.frantiq.fr/ark:/26678/pcrtrxnswx9qw6##https://ark.frantiq.fr/ark:/26678/pcrtnbDLi2FkAj;16440##16440;;;false;;;;2007-02-08;2023-08-02
https://ark.frantiq.fr/ark:/26678/pcrtqZmoA2lkNx;skos:Concept;https://pactols.frantiq.fr:8099/?idc=16441&idt=TH_1;16441;26678/pcrtqZmoA2lkNx;Königsbesitz;Crown property;مُلك ملكي;dominio real;domaine royal;;;proprietà reale;koninklijk bezit;;;royal property;;propiedad real;propriété royale##terre royale;;;terre reali;;;;;;;;;;;;;;;;;;;;;;;;;;;concept à combiner avec les civilisations/aires géographiques/ royautés concernés : France, Egypte, Grande-Bretagne, Mycènes, Babylone, etc;;;;;;;;;;;;;;;;;;;;;;;;;;;;;;;;;;;;;;;;;;;;;;;;;;;;;;;;;;;https://ark.frantiq.fr/ark:/26678/pcrtTEsi8UMa3R;17264;;;https://www.wikidata.org/wiki/Q22249069;;;;;https://ark.frantiq.fr/ark:/26678/pcrtrxnswx9qw6##https://ark.frantiq.fr/ark:/26678/pcrtnbDLi2FkAj;16441##16441;;;false;;;;2007-02-08;2023-08-02
https://ark.frantiq.fr/ark:/26678/pcrt8L7jhVhIn5;skos:Concept;https://pactols.frantiq.fr:8099/?idc=16465&idt=TH_1;16465;26678/pcrt8L7jhVhIn5;Provinz;province;إقليم;provincia;province;;;provincia;provincie;;;;;;;;;;;;;;;;;;;;;;;;;;Division territoriale placée sous l'autorité d'un délégué du pouvoir central (Lar.);;;;;;;;;;Ce concept ne s'applique qu'à la notion de division administrative. Pour qualifier les provinces de l'Empire romain par exemple, utiliser le concept  Provinces romaines  du thésaurus Lieux.;;;;;;;;;;;;;;;;;;;;;;;;;;;;;;;;;;;;;;;;;;;;;;;;;;;;;;;;;https://ark.frantiq.fr/ark:/26678/pcrtMxv4H96TuW##https://ark.frantiq.fr/ark:/26678/crt4O4PAy5w3O;17676##178525;https://ark.frantiq.fr/ark:/26678/pcrtzuzR7iTq5A;16751;https://ark.frantiq.fr/ark:/26678/pcrt5wr41fsd8r;253802;https://www.wikidata.org/wiki/Q34876##http://vocab.getty.edu/aat/300000774;;;;;https://ark.frantiq.fr/ark:/26678/pcrtrxnswx9qw6##https://ark.frantiq.fr/ark:/26678/pcrtnbDLi2FkAj;16465##16465;;;false;;;;2007-02-08;2023-09-06
https://ark.frantiq.fr/ark:/26678/pcrtIy0GVAU6zI;skos:Concept;https://pactols.frantiq.fr:8099/?idc=16472&idt=TH_1;16472;26678/pcrtIy0GVAU6zI;Präfektur;prefecture;محافظة;prefectura;préfecture;;;prefettura;prefectuur;;;;;;;;;;;;;;;;;;;;;;;;;;<span style= color: rgb(32, 33, 34), >Division administrative territoriale.</span>;;;;;;;;;;;;;;;;;;;;;;;;;;;;;;;;;;;;;;;;;;;;;;;;;;;;;;;;;;;;;;;;;;;;;https://ark.frantiq.fr/ark:/26678/pcrtGrTrckrNHZ;246690;;;https://www.wikidata.org/wiki/Q515716;;;;;https://ark.frantiq.fr/ark:/26678/pcrtrxnswx9qw6##https://ark.frantiq.fr/ark:/26678/pcrtnbDLi2FkAj;16472##16472;;;false;;;;2007-02-08;2023-08-02
https://ark.frantiq.fr/ark:/26678/pcrtzuzR7iTq5A;skos:Concept;https://pactols.frantiq.fr:8099/?idc=16751&idt=TH_1;16751;26678/pcrtzuzR7iTq5A;Region;region;منطقة;región;région;;;regione;regio;;;;;;;;;;;;;;;;;;;;;;;;;;Unité administrative;;;;;;;;;;;;;;;;;;;;;;;;;;;;;;;;;;;;;;;;;;;;;;;;;;;;;;;;;;;;;;;;;;;https://ark.frantiq.fr/ark:/26678/pcrt8L7jhVhIn5;16465;https://ark.frantiq.fr/ark:/26678/pcrtGrTrckrNHZ;246690;;;https://www.wikidata.org/wiki/Q36784;;;;;https://ark.frantiq.fr/ark:/26678/pcrtrxnswx9qw6##https://ark.frantiq.fr/ark:/26678/pcrtnbDLi2FkAj;16751##16751;;;false;;;;2007-02-08;2023-08-02
https://ark.frantiq.fr/ark:/26678/pcrtqh0Gw1ujrr;skos:Concept;https://pactols.frantiq.fr:8099/?idc=16757&idt=TH_1;16757;26678/pcrtqh0Gw1ujrr;Republik;republic;جمهورية;república;république;;;repubblica;republiek;;;;;;;;;;;;;;;;;;;;;;;;;;Forme d'un Etat dans lequel le peuple exerce la souveraineté directement ou par l'intermédiaire de délégués élus (Lar.);;;;;;;;;;;;;;;;;;;;;;;;;;;;;;;;;;;;;;;;;;;;;;;;;;;;;;;;;;;;;;;;;;;;;https://ark.frantiq.fr/ark:/26678/pcrtGrTrckrNHZ;246690;;;https://catalogue.bnf.fr/ark:/12148/cb133186466##https://www.wikidata.org/wiki/Q7270##http://vocab.getty.edu/aat/300179493;;;;;https://ark.frantiq.fr/ark:/26678/pcrtrxnswx9qw6##https://ark.frantiq.fr/ark:/26678/pcrtnbDLi2FkAj;16757##16757;;;false;;;;2007-02-08;2023-08-02
https://ark.frantiq.fr/ark:/26678/pcrtTEsi8UMa3R;skos:Concept;https://pactols.frantiq.fr:8099/?idc=17264&idt=TH_1;17264;26678/pcrtTEsi8UMa3R;Landbesitz;estate;مُلكية أرض;propiedad;domaine;;;proprietà della terra;grondbezit;;;land ownership##private property;ضَّيْعَة ﭘر##مِلكيَّة الآله;hacienda##terreno;terre appartenance;;;dominio;;;;;;;;;;;;;;Land property attached to a person, group, deity or institution.;;;Propriété foncière attachée à une personne, un groupe, une divinité ou une institution.;;;;;;;;;;;;;;;;;;;;;;;;;;;;;;2024-09-24 : ajout de variantes et correction du libellé en arabe , ajout d'une note éditoriale sur la traduction en arabe (OpenTrad, 2022) , correction et traduction de la définition.;;;;;;;;;;Concernant la traduction en arabe : مِلكيَّة الآله&nbsp,désigne l'ensemble du patrimoine d'une divinité. Le domaine d'un dieu comprend ainsi le temple proprement dit mais aussi les terres, les ateliers, les troupeaux et le personnel qui y sont rattachés (Pierre Tallet et al. <em>L'Égypte pharaonique</em>, Armand Colin, 2019) , ضَّيْعَة ﭘر&nbsp,désigne l'unité économique considérée comme une  maison  (per en égyptien ancien) (Projet OpenTrad, 2022).;;;;;;;;;;;;;;;;;;;;;;;;;;;https://ark.frantiq.fr/ark:/26678/pcrtfLiLVtbp37##https://ark.frantiq.fr/ark:/26678/pcrtT4PswKkyZW##https://ark.frantiq.fr/ark:/26678/pcrtzTPFYJSae5##https://ark.frantiq.fr/ark:/26678/pcrt43M8H7iWXV##https://ark.frantiq.fr/ark:/26678/pcrtqZmoA2lkNx##https://ark.frantiq.fr/ark:/26678/pcrtykoEqGY5VZ;14444##14904##16436##16440##16441##17265;https://ark.frantiq.fr/ark:/26678/pcrtGrTrckrNHZ;246690;https://ark.frantiq.fr/ark:/26678/pcrtHBU3mnn3DF;17056;https://www.wikidata.org/wiki/Q13589709;;;;;https://ark.frantiq.fr/ark:/26678/pcrtrxnswx9qw6##https://ark.frantiq.fr/ark:/26678/pcrtnbDLi2FkAj;17264##17264;;;false;;;;2007-02-08;2024-09-24
https://ark.frantiq.fr/ark:/26678/pcrtykoEqGY5VZ;skos:Concept;https://pactols.frantiq.fr:8099/?idc=17265&idt=TH_1;17265;26678/pcrtykoEqGY5VZ;Landschenkung;bestowed land;أرض ممنوحة;tierra concedida;terre concédée;;;terreno concesso;toegewezen land;;;land distribution##land redistribution##land reform##property redistribution;;;réforme agraire;;;;;;;;;;;;;;;;;;;;;;;;;;;;;;;;;;;;;;;;;;;;;;;;;;;;;;;;;;;;;;;;;;;;;;;;;;;;;;;;;;;;;;;;;https://ark.frantiq.fr/ark:/26678/pcrtTEsi8UMa3R;17264;;;;;;;;https://ark.frantiq.fr/ark:/26678/pcrtrxnswx9qw6##https://ark.frantiq.fr/ark:/26678/pcrtnbDLi2FkAj;17265##17265;;;false;;;;2007-02-08;2023-08-02
https://ark.frantiq.fr/ark:/26678/pcrtIMLF0zrBUu;skos:Concept;https://pactols.frantiq.fr:8099/?idc=17272&idt=TH_1;17272;26678/pcrtIMLF0zrBUu;Gebiet;territory;إقليم;territorio;territoire;;;territorio;territorium;;;khôra;;chora##jora;chora;;;chora;;;;;;;;;;;;;;;;;Etendue de terre dépendant d'un Etat, d'une ville, d'une juridiction, ...(Lar.);;;;;;;;;;;;;;;;;;;;;;;;;;;;;;;;;;;;;;;;;;;;;;;;;;;;;;;;;;;;;;;;;;;;;https://ark.frantiq.fr/ark:/26678/pcrtGrTrckrNHZ;246690;https://ark.frantiq.fr/ark:/26678/pcrt6PQaIIfrpT##https://ark.frantiq.fr/ark:/26678/pcrthzskghpjzxszcm1xxk6f;16438##354793;https://www.wikidata.org/wiki/Q183366;;;;;https://ark.frantiq.fr/ark:/26678/pcrtrxnswx9qw6##https://ark.frantiq.fr/ark:/26678/pcrtnbDLi2FkAj;17272##17272;;;false;;;;2007-02-08;2023-08-02
https://ark.frantiq.fr/ark:/26678/pcrtdfzPa8ViuL;skos:Concept;https://pactols.frantiq.fr:8099/?idc=17279&idt=TH_1;17279;26678/pcrtdfzPa8ViuL;Thalassokratie;thalassocracy;سيادة بحرية;talassocracia;thalassocratie;;;talassocrazia;thalassocratie;;;maritime empire##thalattocracy;;;;;;;;;;;;;;;;;;;;;;;Etat dont la puissance réside dans la suprématie qu'il possède sur les mers (Lar.);;;;;;;;;;;;;;;;;;;;;;;;;;;;;;;;;;;;;;;;;;;;;;;;;;;;;;;;;;;;;;;;;;;;;https://ark.frantiq.fr/ark:/26678/pcrtGrTrckrNHZ;246690;;;https://www.wikidata.org/wiki/Q288587;;;;;https://ark.frantiq.fr/ark:/26678/pcrtrxnswx9qw6##https://ark.frantiq.fr/ark:/26678/pcrtnbDLi2FkAj;17279##17279;;;false;;;;2007-02-08;2023-08-02
https://ark.frantiq.fr/ark:/26678/pcrtegLJO1lMLf;skos:Concept;https://pactols.frantiq.fr:8099/?idc=17396&idt=TH_1;17396;26678/pcrtegLJO1lMLf;Trifinium;trifinium;نقطة تقاطع ثلاث حدود;trifinium;trifinium;;;trifinium;trifinium;;;;;;;;;;;;;;;;;;;;;;;;;;Lieu de rencontre de trois 'propriétés' (J. Peyras : Arpentage et administration publique à la fin de l'Antiquité, 2008);;;;;;;;;;;;;;;;;;;;;;;;;;;;;;;;;;;;;;;;;;;;;;;;;;;;;;;;;;;;;;;;;;;;;https://ark.frantiq.fr/ark:/26678/pcrtVHSiUuDQVO;15453;https://ark.frantiq.fr/ark:/26678/pcrt3G8RooGUeu;16117;;;;;;https://ark.frantiq.fr/ark:/26678/pcrtrxnswx9qw6##https://ark.frantiq.fr/ark:/26678/pcrtnbDLi2FkAj;17396##17396;;;false;;;;2007-02-08;2023-08-02
https://ark.frantiq.fr/ark:/26678/pcrtQNRRYhNKP5;skos:Concept;https://pactols.frantiq.fr:8099/?idc=17515&idt=TH_1;17515;26678/pcrtQNRRYhNKP5;Vicus;vicus;تجمع سكني صغير;vicus;vicus;;;vicus;vicus;;;;;;;;;;;;;;;;;;;;;;;;;;Nom latin donné à une petite agglomération. Le terme désigne une notion collective pour tous les types d'implantations qui n'avaient pas le statut de ville : municipium, colonia et civitas ou encore de domaine rural : villa rustica. Le terme de vicus désignait pour les Romains tant un  quartier urbain  et une  rangée de maisons  qu'une implantation plus importante que ses fonctions nous feraient qualifier aujourd'hui de bourg ou  petite ville de province . (Wikipédia);;;;;;;;;;;;;;;;;;;;;;;;;;;;;;;;;;;;;;;;;;;;;;;;;;;;;;;;;;;;;;;;;;;;;https://ark.frantiq.fr/ark:/26678/pcrtGrTrckrNHZ;246690;https://ark.frantiq.fr/ark:/26678/pcrt0dhrbSWbZw##https://ark.frantiq.fr/ark:/26678/pcrt1gsiMfFUP0;16538##26000;https://www.wikidata.org/wiki/Q763590;;;;;https://ark.frantiq.fr/ark:/26678/pcrtrxnswx9qw6##https://ark.frantiq.fr/ark:/26678/pcrtnbDLi2FkAj;17515##17515;;;false;;;;2007-02-08;2024-05-17
https://ark.frantiq.fr/ark:/26678/pcrtMxv4H96TuW;skos:Concept;https://pactols.frantiq.fr:8099/?idc=17676&idt=TH_1;17676;26678/pcrtMxv4H96TuW;Eparchie;eparchy;أبرشية;eparquía;éparchie;;;eparchia;eparchie;;Verwaltungsbezirk;;;;;;;;;;;;;;;;;;;;;;;;Province de l'Empire romain ou partie de province dotée de privilèges (Lar.);;;;;;;;;;;;;;;;;;;;;;;;;;;;;;;;;;;;;;;;;;;;;;;;;;;;;;;;;;;;;;;;;;;;;https://ark.frantiq.fr/ark:/26678/pcrt8L7jhVhIn5;16465;;;https://www.wikidata.org/wiki/Q22085013;;;;;https://ark.frantiq.fr/ark:/26678/pcrtrxnswx9qw6##https://ark.frantiq.fr/ark:/26678/pcrtnbDLi2FkAj;17676##17676;;;false;;;;2007-02-08;2023-08-02
https://ark.frantiq.fr/ark:/26678/crtwzOa2orNiH;skos:Concept;https://pactols.frantiq.fr:8099/?idc=178193&idt=TH_1;178193;26678/crtwzOa2orNiH;parzellierte Wohnsiedlung;subdivision (land);;lotización;lotissement;;;lottizzazione;;;;;;lotificación##parcelación;;;;;;;;;;;;;;;;;;;;;Un lotissement est en France, selon le code de l'urbanisme « la division en propriété ou en jouissance d'une unité foncière ou de plusieurs unités foncières contiguës ayant pour objet de créer un ou plusieurs lots destinés à être bâtis. » (wp);;;;;;;;;;;;;;;;;;;;;;;;;;;;;;;;;;;;;;;;;;;;;;;;;;;;;;;;;;;;;;;;;;;;;https://ark.frantiq.fr/ark:/26678/pcrtGrTrckrNHZ;246690;https://ark.frantiq.fr/ark:/26678/pcrtPPPS9ErMrW;17447;https://www.wikidata.org/wiki/Q449111##http://vocab.getty.edu/aat/300055451;;;;;https://ark.frantiq.fr/ark:/26678/pcrtrxnswx9qw6##https://ark.frantiq.fr/ark:/26678/pcrtnbDLi2FkAj;178193##178193;;;false;;;;2018-07-25;2023-08-02
https://ark.frantiq.fr/ark:/26678/crtT6U9i2DKKe;skos:Concept;https://pactols.frantiq.fr:8099/?idc=178198&idt=TH_1;178198;26678/crtT6U9i2DKKe;Gebiet für konzertierte Raumplanung;priority housing development area;;zona de desarrollo conjunto (Francia);zone d'aménagement concerté;;;zona di sviluppo congiunto (Francia);;;;area whose development is prioritized##priority urbanisation area##priority urbanization area##urban development##zoning##zoning regulation;;ZAC##zona de construcción;ZAC##ZUP;;;ZAC;;;;;;;;;;;;;;;;;Une zone d'aménagement concerté (ZAC) est, en France, une opération publique d'aménagement de l'espace urbain qui  se substitue aux zones à urbaniser en priorité (ZUP). Par métonymie, une « ZAC » désigne aussi un habitat urbain résultant de la procédure d'aménagement (Wikipedia, 30/09/2020). La création ou l'extension de ces zones font l'objet d'opérations d'archéologie préventive (B. Nouvel pour le GT PACTOLS, 20/01/2021);;;;;;;;;;;;;;;;;;;;;;;;;;;;;;;;;;;;;;;;;;;;;;;;;;;;;;;;;;;;;;;;;;;;;https://ark.frantiq.fr/ark:/26678/pcrtGrTrckrNHZ;246690;https://ark.frantiq.fr/ark:/26678/pcrtcJxzOpgs7T##https://ark.frantiq.fr/ark:/26678/pcrtPPPS9ErMrW##https://ark.frantiq.fr/ark:/26678/crtM31n8Bf1TJ;16823##17447##178186;https://www.wikidata.org/wiki/Q3575769;;;;;https://ark.frantiq.fr/ark:/26678/pcrtrxnswx9qw6##https://ark.frantiq.fr/ark:/26678/pcrtnbDLi2FkAj;178198##178198;;;false;;;;2018-07-25;2023-08-02
https://ark.frantiq.fr/ark:/26678/crtnXTBqmGb2A;skos:Concept;https://pactols.frantiq.fr:8099/?idc=178303&idt=TH_1;178303;26678/crtnXTBqmGb2A;Protektorat;protectorate;;protectorado;protectorat;;;protettorato;;;;;;;;;;;;;;;;;;;;;;;;;;;Le protectorat est un régime politique constituant l'une des formes de sujétion coloniale. Il diffère de la colonisation pure et simple en ce que les institutions existantes, y compris la nationalité, sont maintenues sur un plan formel, la puissance protectrice assumant la gestion de la diplomatie, du commerce extérieur et éventuellement de l'armée de l'État protégé (d'après Wikipédia).;;;;;;;;;;;;;;;;;;;;;;;;;;;;;;;;;;;;;;;;;;;;;;;;;;;;;;;;;;;;;;;;;;;;;https://ark.frantiq.fr/ark:/26678/pcrtGrTrckrNHZ;246690;;;https://catalogue.bnf.fr/ark:/12148/cb11980499h##https://www.wikidata.org/wiki/Q164142##http://vocab.getty.edu/aat/300235119;;;;;https://ark.frantiq.fr/ark:/26678/pcrtrxnswx9qw6##https://ark.frantiq.fr/ark:/26678/pcrtnbDLi2FkAj;178303##178303;;;false;;;;2018-08-10;2023-08-02
https://ark.frantiq.fr/ark:/26678/crtrnI4OBYMLK;skos:Concept;https://pactols.frantiq.fr:8099/?idc=178427&idt=TH_1;178427;26678/crtrnI4OBYMLK;Wesirat;vizirat;;visirato;vizirat;;;visirato;;;;;;;visiriat##viziriat;;;;;;;;;;;;;;;;;;;;Dignité, fonctions du vizir , exercice, durée de ces fonctions. (Lar.);;;;;;;;;;;;;;;;;;;;;;;;;;;;;;;;;;;;;;;;;;;;;;;;;;;;;;;;;;;;;;;;;;;;;https://ark.frantiq.fr/ark:/26678/pcrtGrTrckrNHZ;246690;https://ark.frantiq.fr/ark:/26678/crtcbNpheGboy;178252;;;;;;https://ark.frantiq.fr/ark:/26678/pcrtrxnswx9qw6##https://ark.frantiq.fr/ark:/26678/pcrtnbDLi2FkAj;178427##178427;;;false;;;;2018-10-22;2023-08-02
https://ark.frantiq.fr/ark:/26678/crt4O4PAy5w3O;skos:Concept;https://pactols.frantiq.fr:8099/?idc=178525&idt=TH_1;178525;26678/crt4O4PAy5w3O;römische Provinz;roman province;مقاطعة رومانية;provincia romana;province romaine;;;provincia romana;romeinse provincie;;;;;;;;;;;;;;;;;;;;;;;;;;Subdivisions territoriales hors d'Italie, sous la Rome antique. (d'ap. article  Province romaine  de Wikipédia en français, <a href= https://fr.wikipedia.org/wiki/Province_romaine  rel= noopener noreferrer  target= _blank >https://fr.wikipedia.org/wiki/Province_romaine</a>);;;;;;;;;;;;;;;;;;;;;;;;;;;;;;;;;;;;;;;;;;;;;;;;;;;;;;;;;;;;;;;;;;;https://ark.frantiq.fr/ark:/26678/pcrt0qW4s9SGWg##https://ark.frantiq.fr/ark:/26678/pcrtiL6Vr7bLzg##https://ark.frantiq.fr/ark:/26678/pcrtB0uW42NTai;9471##9523##9524;https://ark.frantiq.fr/ark:/26678/pcrt8L7jhVhIn5;16465;;;https://www.wikidata.org/wiki/Q182547;;;;;https://ark.frantiq.fr/ark:/26678/pcrtrxnswx9qw6##https://ark.frantiq.fr/ark:/26678/pcrtnbDLi2FkAj;178525##178525;;;false;;;;2018-11-13;2023-09-25
https://ark.frantiq.fr/ark:/26678/crtI9RyKgGH53;skos:Concept;https://pactols.frantiq.fr:8099/?idc=178527&idt=TH_1;178527;26678/crtI9RyKgGH53;Kirchenprovinz;ecclisiastical province;;provincia eclesiástica;province ecclésiastique;;;provincia ecclesiastica;;;;;;;;;;;;;;;;;;;;;;;;;;;Les provinces ecclésiastiques trouvent leur origine dans l'organisation administrative de l'ancien Empire romain. Dans l'Empire romain tardif (à partir de la Tétrarchie), la province était une subdivision d'un diocèse. À partir des IVe siècle - Ve siècle, cette organisation a été reprise par l'Église catholique romaine, alors qu'une inversion de sens se produisait : le diocèse devenait une subdivision de la province ecclésiastique. (WP le 13.11.2018);;;;;;;;;;;;;;;;;;;;;;;;;;;;;;;;;;;;;;;;;;;;;;;;;;;;;;;;;;;;;;;;;;;https://ark.frantiq.fr/ark:/26678/pcrtkecpbIZuY1;14389;https://ark.frantiq.fr/ark:/26678/pcrtGrTrckrNHZ;246690;;;https://www.wikidata.org/wiki/Q625160;;;;;https://ark.frantiq.fr/ark:/26678/pcrtrxnswx9qw6##https://ark.frantiq.fr/ark:/26678/pcrtnbDLi2FkAj;178527##178527;;;false;;;;2018-11-13;2023-08-02
https://ark.frantiq.fr/ark:/26678/pcrtD7US79TXje;skos:Concept;https://pactols.frantiq.fr:8099/?idc=20890&idt=TH_1;20890;26678/pcrtD7US79TXje;Exarchat;exarchate;إكسَرْخُسيَّة;exarcado;exarchat;;;esarcato;exarchaat;;;exarch;;;;;;;;;;;;;;;;;;;;;حكومة عسكرية بيزنطية;;Territoires périphériques de l'empire byzantin, mis en place au VIe siècle pour faire face à la menace d’envahisseurs (WPedia);;;;;;;;;;;;;;;;;;;;;;;;;;;;;;;;;;;;;;;;;;;;;;;;;;;;;;;;;;;;;;;;;;;;;https://ark.frantiq.fr/ark:/26678/pcrtGrTrckrNHZ;246690;;;https://www.wikidata.org/wiki/Q2998465;;;;;https://ark.frantiq.fr/ark:/26678/pcrtrxnswx9qw6##https://ark.frantiq.fr/ark:/26678/pcrtnbDLi2FkAj;20890##20890;;;false;;;;2007-02-08;2023-08-02
https://ark.frantiq.fr/ark:/26678/crt62kRiS7fUE;skos:Concept;https://pactols.frantiq.fr:8099/?idc=246229&idt=TH_1;246229;26678/crt62kRiS7fUE;Grundherrschaft;manorialism;مانورالية;señorío;seigneurie;;;;hofstelsel;;;;;;;;;;;;;;;;;;;;;;;;;;institution médiévale et moderne occidentale assurant l'encadrement économique et judiciaire des populations par un individu ou une personne morale n’exerçant pas nécessairement la souveraineté. La seigneurie est une réalité distincte du fief, qui est l'un des modes d'exercice de la seigneurie, avec l’alleu. La seigneurie est un ensemble de terres, c’est-à-dire de propriétés foncières, de droits et de redevances. (WP le 13.12.2018);;;;;;;;;;;;;;;;;;;;;;;;;;;;;;;;;;;;;;;;;;;;;;;;;;;;;;;;;;;;;;;;;;;;;https://ark.frantiq.fr/ark:/26678/pcrtGrTrckrNHZ;246690;https://ark.frantiq.fr/ark:/26678/pcrtv4w5D7y7yI##https://ark.frantiq.fr/ark:/26678/pcrtuplr2Z5tr3;13814##246243;https://www.wikidata.org/wiki/Q1550557;;;;;https://ark.frantiq.fr/ark:/26678/pcrtrxnswx9qw6##https://ark.frantiq.fr/ark:/26678/pcrtnbDLi2FkAj;246229##246229;;;false;;;;2018-12-13;2022-07-22
https://ark.frantiq.fr/ark:/26678/pcrtQe5VAFa1Is;skos:Concept;https://pactols.frantiq.fr:8099/?idc=246311&idt=TH_1;246311;26678/pcrtQe5VAFa1Is;Viguerie;Viguerie;;veguería;viguerie;;;viguerie;Viguerie;;;;;vicaría;vicaria##vicariae;;;;;;;;;;;;;;;;;;;;Charge de viguier, territoire soumis à la juridiction du viguier. (cnrtl). Circonscription administrative qui se substitue à la condita à partir du milieu du 9e s. (AAT);;;;;;;;;;;;;;;;;;;;;;;;;;;;;;;;;;;;;;;;;;;;;;;;;;;;;;;;;;;;;;;;;;;;;https://ark.frantiq.fr/ark:/26678/pcrtGrTrckrNHZ;246690;https://ark.frantiq.fr/ark:/26678/pcrt9zOnWQjwz9;15360;https://www.wikidata.org/wiki/Q17108217;;;;;https://ark.frantiq.fr/ark:/26678/pcrtrxnswx9qw6##https://ark.frantiq.fr/ark:/26678/pcrtnbDLi2FkAj;246311##246311;;;false;;;;2019-01-03;2023-08-02
https://ark.frantiq.fr/ark:/26678/pcrtGrTrckrNHZ;skos:Concept;https://pactols.frantiq.fr:8099/?idc=246690&idt=TH_1;246690;26678/pcrtGrTrckrNHZ;Geopolitische Einheiten;geopolitical units;;unidades geopolíticas;unités géopolitiques;;;unità geopolitiche;;;;;;;;;;;;;;;;;;;;;;;;;;;Cette branche concerne les divisions administratives utilisées par un État ou toute autre structure politique souveraine au sein de ses limites de juridiction. (d'après le DARIAH Backbone Thesaurus, v. 1.2.8);;;;;;;This term classifies administrative divisions used by a state or other sovereign or political structure within the boundaries of its jurisdiction. Intrinsic features of these units include, among others, the extent of the area over which they are applied/exercised, the chronological extent during which they are in force, their governing bodies and the degree of autonomy they are granted in relation to managing and exploiting of their resources. (BBT V 1.2.2);;;Concept de niveau supérieur, utiliser de préférence des concepts plus spécifiques.;;;;;;;;;;;;;;;;;;;;;;;;;;;;;;;;;;;;;;;;;;;;;;;;;;;;;;;;;https://ark.frantiq.fr/ark:/26678/pcrtaRcMOBwKh6##https://ark.frantiq.fr/ark:/26678/pcrtpHO0HJvq4L##https://ark.frantiq.fr/ark:/26678/pcrtvzl3HUp31m##https://ark.frantiq.fr/ark:/26678/pcrtqVg5EE8ryz##https://ark.frantiq.fr/ark:/26678/pcrt2oMB8vv3no##https://ark.frantiq.fr/ark:/26678/pcrtrL4SWSFZ0n##https://ark.frantiq.fr/ark:/26678/pcrthI4tPzvLVQ##https://ark.frantiq.fr/ark:/26678/pcrt1gL0hsgQTY##https://ark.frantiq.fr/ark:/26678/pcrt83M3AddL5O##https://ark.frantiq.fr/ark:/26678/pcrtVHSiUuDQVO##https://ark.frantiq.fr/ark:/26678/pcrt0pUgEWWGGP##https://ark.frantiq.fr/ark:/26678/pcrtzUrcJxD2ow##https://ark.frantiq.fr/ark:/26678/pcrtubR71b0HKL##https://ark.frantiq.fr/ark:/26678/pcrtI6kvbZ3mIr##https://ark.frantiq.fr/ark:/26678/pcrtY2vzuB7lBm##https://ark.frantiq.fr/ark:/26678/pcrtS1LzpAWeT2##https://ark.frantiq.fr/ark:/26678/pcrtIy0GVAU6zI##https://ark.frantiq.fr/ark:/26678/pcrtzuzR7iTq5A##https://ark.frantiq.fr/ark:/26678/pcrtqh0Gw1ujrr##https://ark.frantiq.fr/ark:/26678/pcrtTEsi8UMa3R##https://ark.frantiq.fr/ark:/26678/pcrtIMLF0zrBUu##https://ark.frantiq.fr/ark:/26678/pcrtdfzPa8ViuL##https://ark.frantiq.fr/ark:/26678/pcrtQNRRYhNKP5##https://ark.frantiq.fr/ark:/26678/crtwzOa2orNiH##https://ark.frantiq.fr/ark:/26678/crtT6U9i2DKKe##https://ark.frantiq.fr/ark:/26678/crtnXTBqmGb2A##https://ark.frantiq.fr/ark:/26678/crtrnI4OBYMLK##https://ark.frantiq.fr/ark:/26678/crtI9RyKgGH53##https://ark.frantiq.fr/ark:/26678/pcrtD7US79TXje##https://ark.frantiq.fr/ark:/26678/crt62kRiS7fUE##https://ark.frantiq.fr/ark:/26678/pcrtQe5VAFa1Is##https://ark.frantiq.fr/ark:/26678/pcrtTiTtJfS2XB##https://ark.frantiq.fr/ark:/26678/pcrtgpav0y2xnw##https://ark.frantiq.fr/ark:/26678/pcrthzskghpjzxszcm1xxk6f##https://ark.frantiq.fr/ark:/26678/pcrtTzsUdF1uUT##https://ark.frantiq.fr/ark:/26678/pcrttw1Rh499Mh;13028##13804##13905##13968##14092##14430##14575##14582##14757##15453##15787##15861##15900##16063##16114##16122##16472##16751##16757##17264##17272##17279##17515##178193##178198##178303##178427##178527##20890##246229##246311##27428##27639##354793##35820##37042;;;;;https://vocabs.dariah.eu/bbt/Concept/000009;;;;;https://ark.frantiq.fr/ark:/26678/pcrtrxnswx9qw6##https://ark.frantiq.fr/ark:/26678/pcrtnbDLi2FkAj;246690##246690;;;false;;;;2019-06-13;2023-08-02
https://ark.frantiq.fr/ark:/26678/pcrt5g258z4mhg;skos:Concept;https://pactols.frantiq.fr:8099/?idc=253382&idt=TH_1;253382;26678/pcrt5g258z4mhg;römische Stadt;Roman city;;ciudad romana;cité romaine;;;città romana;;;;Roman town;;;ville romaine;;;;;;;;;;;;;;;;;;;;Dans l'Antiquité romaine, communauté politique dont les membres (les citoyens) s'administraient eux-mêmes. (D'après Larousse);;;;;;;;;;;;;;;;;;;;;;;;;;;;;;;;;;;;;;;;;;;;;;;;;;;;;;;;;;;;;;;;;;;;;https://ark.frantiq.fr/ark:/26678/pcrtvzl3HUp31m;13905;https://ark.frantiq.fr/ark:/26678/pcrtWMS5ewTzUz;13973;https://www.wikidata.org/wiki/Q2202509;;;;;https://ark.frantiq.fr/ark:/26678/pcrtrxnswx9qw6##https://ark.frantiq.fr/ark:/26678/pcrtnbDLi2FkAj;253382##253382;;;false;;;;2019-12-12;2023-08-02
https://ark.frantiq.fr/ark:/26678/pcrtTiTtJfS2XB;skos:Concept;https://pactols.frantiq.fr:8099/?idc=27428&idt=TH_1;27428;26678/pcrtTiTtJfS2XB;Bistum;bishopric;أسقفية;obispado;évêché;;;vescovado;bisdom;;;diocese##episcopal see;;;;;;vescovato (giurisdizione);;;;;;;;;;;;;;;;;Territoire, circonscription ecclésiastique comprenant plusieurs paroisses et placé(e) sous l'autorité spirituelle d'un évêque (CNRTL);;;;;;;;;;;;;;;;;;;;;;;;;;;;;;;;;;;;;;;;;;;;;;;;;;;;;;;;;;;;;;;;;;;;;https://ark.frantiq.fr/ark:/26678/pcrtGrTrckrNHZ;246690;https://ark.frantiq.fr/ark:/26678/pcrtDfFRaHdgV8##https://ark.frantiq.fr/ark:/26678/pcrt8qSQmAM70s;16069##17733;https://www.wikidata.org/wiki/Q866196##http://vocab.getty.edu/aat/300387235;;;;;https://ark.frantiq.fr/ark:/26678/pcrtrxnswx9qw6##https://ark.frantiq.fr/ark:/26678/pcrtnbDLi2FkAj;27428##27428;;;false;;;;2007-02-08;2024-03-14
https://ark.frantiq.fr/ark:/26678/pcrtgpav0y2xnw;skos:Concept;https://pactols.frantiq.fr:8099/?idc=27639&idt=TH_1;27639;26678/pcrtgpav0y2xnw;Königreich;kingdom;مملكة;reino;royaume;;;regno;koninkrijk;;;;;;;;;;;;;;;;;;;;;;;;;;<span style= color: rgb(32, 33, 34), >Territoire gouverné par un roi ou une reine.</span>;;;;;;;;;;;;;;;;;;;;;;;;;;;;;;;;;;;;;;;;;;;;;;;;;;;;;;;;;;;;;;;;;;;;;https://ark.frantiq.fr/ark:/26678/pcrtGrTrckrNHZ;246690;;;https://www.wikidata.org/wiki/Q417175##http://vocab.getty.edu/aat/300235096;;;;;https://ark.frantiq.fr/ark:/26678/pcrtrxnswx9qw6##https://ark.frantiq.fr/ark:/26678/pcrtnbDLi2FkAj;27639##27639;;;false;;;;2007-09-20;2023-08-02
https://ark.frantiq.fr/ark:/26678/pcrtptd3js38vr25xdjdbdh9;skos:Concept;https://pactols.frantiq.fr:8099/?idc=354725&idt=TH_1;354725;26678/pcrtptd3js38vr25xdjdbdh9;Pomerium;pomerium;بوميريوم;pomerium;pomerium;;;pomerio;pomerium;;;;;;pomœrium;;;;;;;;;;;;;;;;;In Roman antiquity, the pomerium was the sacred boundary separating the city (urbs) from its surrounding territory (ager), whether in Rome, the cities of Lazio or the Roman colonies (according to the French Wikipedia article  Pomerium ).;;;Dans l'Antiquité romaine, limite sacrée qui sépare la ville (urbs) de son territoire alentour (ager), qu'il s'agisse de Rome, des villes du Latium ou des colonies romaines. (D'après l'article en français  Pomerium  de Wikipédia);;;;;;;;;;;;;;;;;;;;;;;;;;;;;;;;;;;;;;;;;;;;;;;;;;;;;;;;;;;;;;;;;;;;;https://ark.frantiq.fr/ark:/26678/pcrtVHSiUuDQVO;15453;https://ark.frantiq.fr/ark:/26678/pcrtUvvjpjtj9o##https://ark.frantiq.fr/ark:/26678/pcrtWMS5ewTzUz##https://ark.frantiq.fr/ark:/26678/pcrtN5zGcqx0YR;13124##13973##17539;https://www.wikidata.org/wiki/Q849311;;;;;https://ark.frantiq.fr/ark:/26678/pcrtrxnswx9qw6;354725;;;false;;;;2024-06-25;2024-07-02
https://ark.frantiq.fr/ark:/26678/pcrthzskghpjzxszcm1xxk6f;skos:Concept;https://pactols.frantiq.fr:8099/?idc=354793&idt=TH_1;354793;26678/pcrthzskghpjzxszcm1xxk6f;Apanage;apanage;إِقْطاع;Infantazgo;apanage;;;appannaggio;Apanage;;;;;;;;;;;;;;;;;;;;;;;;;;<p>Territoire concédé par un souverain ou un seigneur à un membre de sa famille, notamment à ses enfants puînés exclus de la succession.</p>;;;;;;;;;;;;;;;;;;;;;;;;;;;;;;;;;;;;;;;;;;;;;;;;;;;;;;;;;;;;;;;;;;;;;https://ark.frantiq.fr/ark:/26678/pcrtGrTrckrNHZ;246690;https://ark.frantiq.fr/ark:/26678/pcrtIMLF0zrBUu##https://ark.frantiq.fr/ark:/26678/pcrte88u2W6RBs##https://ark.frantiq.fr/ark:/26678/pcrt4ts6q4qg1c;17272##22064##353552;https://www.wikidata.org/wiki/Q617593;;;;;https://ark.frantiq.fr/ark:/26678/pcrtrxnswx9qw6;354793;;;false;;;;2024-09-24;2024-10-15
https://ark.frantiq.fr/ark:/26678/pcrtTzsUdF1uUT;skos:Concept;https://pactols.frantiq.fr:8099/?idc=35820&idt=TH_1;35820;26678/pcrtTzsUdF1uUT;Kalifat;caliphate;كاليفات;califato;califat;;;califfato;kalifaat;;;;;;khalifat;;;;;;;;;;;;;;;;;;;;Territoire reconnaissant l'autorité d'un calife et le régime politique lui-même (Wpedia);;;;;;;;;;;;;;;;;;;;;;;;;;;;;;;;;;;;;;;;;;;;;;;;;;;;;;;;;;;;;;;;;;;;;https://ark.frantiq.fr/ark:/26678/pcrtGrTrckrNHZ;246690;;;https://www.wikidata.org/wiki/Q131401##http://vocab.getty.edu/aat/300264254;;;;;https://ark.frantiq.fr/ark:/26678/pcrtrxnswx9qw6##https://ark.frantiq.fr/ark:/26678/pcrtnbDLi2FkAj;35820##35820;;;false;;;;2012-09-25;2024-08-23
https://ark.frantiq.fr/ark:/26678/pcrtAZMNub2Yp3;skos:Concept;https://pactols.frantiq.fr:8099/?idc=36474&idt=TH_1;36474;26678/pcrtAZMNub2Yp3;Seegrenze;maritime boundary;حدود بحرية;frontera marítima;frontière maritime;;;frontiera marittima;;;;;;;;;;;;;;;;;;;;;;;;;;;Frontière délimitant, en mer, les territoires respectifs sur lesquels s'exerce la souveraineté de deux États. (Wikipédia);;;;;;;;;;;;;;;;;;;;;;;;;;;;;;;;;;;;;;;;;;;;;;;;;;;;;;;;;;;;;;;;;;;;;https://ark.frantiq.fr/ark:/26678/pcrtSkt1eRlMG2;14838;;;https://www.wikidata.org/wiki/Q3089219;;;;;https://ark.frantiq.fr/ark:/26678/pcrtrxnswx9qw6##https://ark.frantiq.fr/ark:/26678/pcrtnbDLi2FkAj;36474##36474;;;false;;;;2013-09-23;2023-08-02
https://ark.frantiq.fr/ark:/26678/pcrttw1Rh499Mh;skos:Concept;https://pactols.frantiq.fr:8099/?idc=37042&idt=TH_1;37042;26678/pcrttw1Rh499Mh;Territorialgewässer;territorial sea;مياه إقليمية;mar territorial;mer territoriale;;;mare territoriale;;;Hoheitsgewässer;internal waters##territorial waters;;aguas territoriales;eaux territoriales##territoire maritime;;;acque territoriali;;;;;;;;;;;;;;;;;Partie de mer côtière sur laquelle s'étend la souveraineté d'un État côtier. (Wikipédia);;;;;;;;;;;;;;;;;;;;;;;;;;;;;;;;;;;;;;;;;;;;;;;;;;;;;;;;;;;;;;;;;;;;;https://ark.frantiq.fr/ark:/26678/pcrtGrTrckrNHZ;246690;https://ark.frantiq.fr/ark:/26678/pcrtj7UzwMo9cV##https://ark.frantiq.fr/ark:/26678/pcrtvlgpYs3jyT;15636##37041;https://www.wikidata.org/wiki/Q213204;;;;;https://ark.frantiq.fr/ark:/26678/pcrtrxnswx9qw6##https://ark.frantiq.fr/ark:/26678/pcrtnbDLi2FkAj;37042##37042;;;false;;;;2013-10-16;2023-08-02
https://ark.frantiq.fr/ark:/26678/pcrt0qW4s9SGWg;skos:Concept;https://pactols.frantiq.fr:8099/?idc=9471&idt=TH_1;9471;26678/pcrt0qW4s9SGWg;Provinz (Römische Republik);republican province;;provincia republicana;province républicaine;;;provincia repubblicana;republikeinse provincie;;;;;;;;;;;;;;;;;;;;;;;;;;Territoires hors d'Italie contrôlés par la République romaine et gouvernés par des propréteurs ou des proconsuls. (d'ap. article Province romaine de Wikipédia en français, <a href= https://fr.wikipedia.org/wiki/Province_romaine  rel= noopener noreferrer  target= _blank >https://fr.wikipedia.org/wiki/Province_romaine</a> et article Province (Rome) de Leclant J., <em>Dictionnaire de l'Antiquité</em>, 2005, Paris, p. 1826);;;;;;;;;;;;;;;;;;;;;;;;;;;;;;;;;;;;;;;;;;;;;;;;;;;;;;;;;;;;;;;;;;;;;https://ark.frantiq.fr/ark:/26678/crt4O4PAy5w3O;178525;;;;;;;;https://ark.frantiq.fr/ark:/26678/pcrtrxnswx9qw6##https://ark.frantiq.fr/ark:/26678/pcrtnbDLi2FkAj;9471##9471;;;false;;;;2007-02-08;2024-10-04
https://ark.frantiq.fr/ark:/26678/pcrtiL6Vr7bLzg;skos:Concept;https://pactols.frantiq.fr:8099/?idc=9523&idt=TH_1;9523;26678/pcrtiL6Vr7bLzg;Kaiserliche Provinz;imperial province;;provincia imperial;province impériale;;;provincia imperiale;keizerlijke provincie;;;;;;;;;;;;;;;;;;;;;;;;;;Provinces de l'Empire romain attribuées à l'empereur, correspondant plutôt aux territoires situés aux frontières de l'Empire, pauvres ou mal soumis, nécessitant la présence des légions et gouvernées par un représentant de l'empereur de rang prétorien, consulaire ou équestre. (d'ap. article  Province romaine  de Wikipédia en français, <a href= https://fr.wikipedia.org/wiki/Province_romaine  rel= noopener noreferrer  target= _blank >https://fr.wikipedia.org/wiki/Province_romaine</a>);;;;;;;;;;;;;;;;;;;;;;;;;;;;;;;;;;;;;;;;;;;;;;;;;;;;;;;;;;;;;;;;;;;;;https://ark.frantiq.fr/ark:/26678/crt4O4PAy5w3O;178525;;;https://www.wikidata.org/wiki/Q182547;;;;;https://ark.frantiq.fr/ark:/26678/pcrtrxnswx9qw6##https://ark.frantiq.fr/ark:/26678/pcrtnbDLi2FkAj;9523##9523;;;false;;;;2007-02-08;2023-09-25
https://ark.frantiq.fr/ark:/26678/pcrtB0uW42NTai;skos:Concept;https://pactols.frantiq.fr:8099/?idc=9524&idt=TH_1;9524;26678/pcrtB0uW42NTai;senatorische Provinz;senatorial province;;provincia senatorial;province sénatoriale;;;provincia senatoriale;senatoriale provincie;;;;;;;;;;;;;;;;;;;;;;;;;;Provinces de l'Empire romain dont la gestion dépend essentiellement du Sénat, généralement pacifiées, dépourvues de légions (à l'exception de l'Afrique proconsulaire), et dirigées par un proconsul ou un propréteur. (d'ap. article  Province romaine  de Wikipédia en français, <a href= https://fr.wikipedia.org/wiki/Province_romaine  rel= noopener noreferrer  target= _blank >https://fr.wikipedia.org/wiki/Province_romaine</a>);;;;;;;;;;;;;;;;;;;;;;;;;;;;;;;;;;;;;;;;;;;;;;;;;;;;;;;;;;;;;;;;;;;;;https://ark.frantiq.fr/ark:/26678/crt4O4PAy5w3O;178525;;;;;;;;https://ark.frantiq.fr/ark:/26678/pcrtrxnswx9qw6##https://ark.frantiq.fr/ark:/26678/pcrtnbDLi2FkAj;9524##9524;;;false;;;;2007-02-08;2023-09-25
